-- phpMyAdmin SQL Dump
-- version 4.7.4
-- https://www.phpmyadmin.net/
--
-- Servidor: 127.0.0.1
-- Tiempo de generación: 14-03-2018 a las 01:39:56
-- Versión del servidor: 10.1.26-MariaDB
-- Versión de PHP: 7.1.9

SET SQL_MODE = "NO_AUTO_VALUE_ON_ZERO";
SET AUTOCOMMIT = 0;
START TRANSACTION;
SET time_zone = "+00:00";


/*!40101 SET @OLD_CHARACTER_SET_CLIENT=@@CHARACTER_SET_CLIENT */;
/*!40101 SET @OLD_CHARACTER_SET_RESULTS=@@CHARACTER_SET_RESULTS */;
/*!40101 SET @OLD_COLLATION_CONNECTION=@@COLLATION_CONNECTION */;
/*!40101 SET NAMES utf8mb4 */;

--
-- Base de datos: `test2`
--

-- --------------------------------------------------------

--
-- Estructura de tabla para la tabla `categories`
--

CREATE TABLE `categories` (
  `id` int(10) UNSIGNED NOT NULL,
  `name` varchar(255) COLLATE utf8_unicode_ci NOT NULL,
  `description` varchar(255) COLLATE utf8_unicode_ci DEFAULT NULL,
  `image` varchar(255) COLLATE utf8_unicode_ci DEFAULT NULL,
  `created_at` timestamp NULL DEFAULT NULL,
  `updated_at` timestamp NULL DEFAULT NULL
) ENGINE=InnoDB DEFAULT CHARSET=utf8 COLLATE=utf8_unicode_ci;

--
-- Volcado de datos para la tabla `categories`
--

INSERT INTO `categories` (`id`, `name`, `description`, `image`, `created_at`, `updated_at`) VALUES
(1, 'Dolorem', 'Quas reiciendis voluptate eum molestiae id dicta velit.', NULL, '2018-03-13 10:56:32', '2018-03-13 10:56:32'),
(2, 'Aut', 'Incidunt sunt amet vel aut eum temporibus amet ab.', NULL, '2018-03-13 10:56:32', '2018-03-13 10:56:32'),
(3, 'Animi', 'Voluptatem dolorum cum ducimus est molestiae dignissimos beatae corrupti aliquam repellendus vel error.', NULL, '2018-03-13 10:56:32', '2018-03-13 10:56:32'),
(4, 'Nemo', 'Dicta maxime facilis nam dolor tempora modi cum sed non sunt porro incidunt.', NULL, '2018-03-13 10:56:32', '2018-03-13 10:56:32'),
(5, 'Provident', 'Fugit rerum excepturi sit nam quas animi maxime voluptas saepe totam consequuntur officia.', NULL, '2018-03-13 10:56:32', '2018-03-13 10:56:32');

-- --------------------------------------------------------

--
-- Estructura de tabla para la tabla `migrations`
--

CREATE TABLE `migrations` (
  `id` int(10) UNSIGNED NOT NULL,
  `migration` varchar(255) COLLATE utf8_unicode_ci NOT NULL,
  `batch` int(11) NOT NULL
) ENGINE=InnoDB DEFAULT CHARSET=utf8 COLLATE=utf8_unicode_ci;

--
-- Volcado de datos para la tabla `migrations`
--

INSERT INTO `migrations` (`id`, `migration`, `batch`) VALUES
(94, '2014_10_12_000000_create_users_table', 1),
(95, '2014_10_12_100000_create_password_resets_table', 1),
(96, '2018_02_19_012845_create_categories_table', 1),
(97, '2018_02_19_021028_create_products_table', 1),
(98, '2018_02_19_053238_create_product_images_table', 1);

-- --------------------------------------------------------

--
-- Estructura de tabla para la tabla `password_resets`
--

CREATE TABLE `password_resets` (
  `email` varchar(255) COLLATE utf8_unicode_ci NOT NULL,
  `token` varchar(255) COLLATE utf8_unicode_ci NOT NULL,
  `created_at` timestamp NULL DEFAULT NULL
) ENGINE=InnoDB DEFAULT CHARSET=utf8 COLLATE=utf8_unicode_ci;

-- --------------------------------------------------------

--
-- Estructura de tabla para la tabla `products`
--

CREATE TABLE `products` (
  `id` int(10) UNSIGNED NOT NULL,
  `name` varchar(255) COLLATE utf8_unicode_ci NOT NULL,
  `description` varchar(255) COLLATE utf8_unicode_ci NOT NULL,
  `long_description` text COLLATE utf8_unicode_ci,
  `price` double(8,2) NOT NULL,
  `category_id` int(10) UNSIGNED DEFAULT NULL,
  `created_at` timestamp NULL DEFAULT NULL,
  `updated_at` timestamp NULL DEFAULT NULL
) ENGINE=InnoDB DEFAULT CHARSET=utf8 COLLATE=utf8_unicode_ci;

--
-- Volcado de datos para la tabla `products`
--

INSERT INTO `products` (`id`, `name`, `description`, `long_description`, `price`, `category_id`, `created_at`, `updated_at`) VALUES
(1, 'Necessitatibus tenetur quis', 'Ut exercitationem unde rerum dolores amet aliquid qui.', 'Quis quia aspernatur consequatur. Laboriosam velit alias libero quod cumque enim amet. Deleniti dolores id sapiente sequi voluptatibus iusto.', 129.38, 1, '2018-03-13 10:56:33', '2018-03-13 10:56:33'),
(2, 'Magnam blanditiis hic commodi maxime', 'A dicta cumque non voluptatibus architecto atque ratione eligendi.', 'Fugit doloremque incidunt quia. Sed quo autem temporibus voluptate perferendis tenetur. Omnis et est eligendi culpa.', 71.07, 1, '2018-03-13 10:56:33', '2018-03-13 10:56:33'),
(3, 'Aut optio qui rerum commodi', 'Omnis tempore ut iusto minima sunt ut iure maxime quia officia omnis.', 'Quis aperiam ut quo nulla soluta excepturi sit. Et in in modi eum ea deleniti quisquam dolorum. Suscipit perferendis officiis nobis provident deleniti aliquid.', 103.10, 1, '2018-03-13 10:56:33', '2018-03-13 10:56:33'),
(4, 'Cupiditate harum', 'Ut maxime molestiae eaque perferendis voluptate sed laboriosam rerum in impedit velit quos dolorum.', 'Sunt inventore delectus corrupti et nihil. Debitis et qui pariatur occaecati ipsa eum quis. Dolore minima sit ipsum et quia sed laborum alias.', 93.74, 1, '2018-03-13 10:56:33', '2018-03-13 10:56:33'),
(5, 'Suscipit sit et', 'Aperiam omnis omnis nobis qui magnam unde aut quisquam amet sint.', 'Voluptas magnam nihil et corporis vel rerum totam. Assumenda excepturi sunt explicabo qui deserunt facilis. Explicabo sequi dolorem expedita est magni tempore nihil.', 141.48, 1, '2018-03-13 10:56:33', '2018-03-13 10:56:33'),
(6, 'Rerum illo non id', 'Quo magnam fugiat nisi dolor impedit mollitia.', 'Enim quos dolore recusandae est consequuntur et iste iure. Beatae dolores enim rerum ab. Aut sit accusamus nobis sed. Aliquid deserunt soluta consectetur et fugit error.', 82.92, 1, '2018-03-13 10:56:33', '2018-03-13 10:56:33'),
(7, 'Fuga nulla in', 'Est dolor voluptatem voluptatibus dolor consectetur natus asperiores quibusdam.', 'Voluptatum accusantium voluptas repellat et quos fugiat. Illo repellat rerum libero. Perferendis maiores qui aut non iure libero nam qui.', 34.82, 1, '2018-03-13 10:56:33', '2018-03-13 10:56:33'),
(8, 'Facilis tempora ullam', 'Laborum quo quae et recusandae repudiandae eos nam fugit odio.', 'Et et explicabo rerum mollitia molestiae. Quidem magni et sed et blanditiis. Reprehenderit quaerat pariatur rem consequatur incidunt. Minus pariatur quia sint vero et libero.', 139.35, 1, '2018-03-13 10:56:33', '2018-03-13 10:56:33'),
(9, 'Assumenda non assumenda', 'Hic perspiciatis quam nulla similique et officia exercitationem.', 'Eaque laboriosam sapiente illo sunt omnis qui. Explicabo facere omnis consequuntur fugit assumenda. Est eligendi amet alias quidem vero est.', 87.81, 1, '2018-03-13 10:56:33', '2018-03-13 10:56:33'),
(10, 'Accusantium culpa omnis', 'Officia tempora iusto dolorem ut aperiam laudantium.', 'Odio quis quos commodi cum ipsum architecto at. Quod dicta exercitationem molestiae mollitia qui voluptas consequatur voluptate. Quisquam sint aut fugit molestias.', 105.42, 1, '2018-03-13 10:56:33', '2018-03-13 10:56:33'),
(11, 'Magnam quaerat laudantium', 'Vel illo quia provident quia quo saepe eius fuga voluptatem ipsum vero.', 'Praesentium facilis reiciendis enim. Officia modi voluptatem voluptatem dolores. Ducimus laboriosam facilis est dicta veritatis voluptates sed. Sapiente suscipit quasi ipsa.', 99.12, 1, '2018-03-13 10:56:33', '2018-03-13 10:56:33'),
(12, 'Ut consequatur adipisci et', 'Deserunt et eos sunt eius aut qui quisquam aliquam.', 'Omnis sed voluptatem nostrum ut praesentium aut. Saepe aut facilis molestiae distinctio. Et qui dignissimos aspernatur est necessitatibus ea.', 47.51, 1, '2018-03-13 10:56:33', '2018-03-13 10:56:33'),
(13, 'Neque maiores laudantium', 'Eius perferendis occaecati enim est dolores ipsam sint cumque qui quis.', 'Suscipit sapiente suscipit quas eos molestias deserunt quasi. Corporis quo architecto vero aut temporibus accusantium corporis. Quidem qui sint repellat quibusdam eligendi.', 20.20, 1, '2018-03-13 10:56:33', '2018-03-13 10:56:33'),
(14, 'Sed et sapiente est', 'In est et voluptatem vero minima aliquid porro quia ullam ipsa occaecati.', 'Cumque minus iusto qui quis voluptatem voluptatem commodi. Praesentium sed voluptas illum omnis eaque id. Adipisci id rerum autem.', 71.05, 1, '2018-03-13 10:56:33', '2018-03-13 10:56:33'),
(15, 'Iste ad alias libero', 'Doloribus molestiae cupiditate inventore laborum ut nesciunt saepe consequuntur repudiandae.', 'Culpa qui magnam rerum sed dolore est. Officia ipsum et blanditiis eius vel quam. Ipsum quasi iusto dolores dolore. Ipsa quasi eaque ex beatae ad libero quo est.', 29.45, 1, '2018-03-13 10:56:33', '2018-03-13 10:56:33'),
(16, 'Dicta debitis quos tenetur', 'Est suscipit nam consectetur maiores enim veniam et et debitis quo voluptas voluptatum.', 'Minus laudantium non sint debitis. Ea quidem vel facere voluptas eius ut. Quo maxime similique qui voluptatem.', 129.00, 1, '2018-03-13 10:56:33', '2018-03-13 10:56:33'),
(17, 'Vitae ut non', 'Beatae fugit eum quod beatae sed enim dolorem natus recusandae a quis.', 'Dolor quaerat officia a eaque atque. Eaque soluta expedita veritatis nulla dolore voluptas ex. Numquam nihil consequuntur neque.', 31.19, 1, '2018-03-13 10:56:33', '2018-03-13 10:56:33'),
(18, 'Optio omnis', 'Id cupiditate natus tenetur a vero laboriosam laborum omnis eum odit nam quo aspernatur.', 'Inventore cumque possimus nam sit maxime. Libero hic et maiores et consectetur doloribus fuga. Esse sit voluptate nesciunt quae qui.', 126.51, 1, '2018-03-13 10:56:33', '2018-03-13 10:56:33'),
(19, 'Perferendis iusto voluptatem', 'Nihil voluptas omnis delectus error accusamus ipsam rerum laborum temporibus sed voluptate.', 'Similique inventore est possimus voluptate labore nisi laudantium. Consequatur deleniti quod quis deleniti et. Ut placeat sunt veniam accusamus ex iure quisquam.', 53.82, 1, '2018-03-13 10:56:34', '2018-03-13 10:56:34'),
(20, 'Placeat quod tempora', 'Voluptatum incidunt quaerat quod temporibus ullam animi magnam quos assumenda officiis nesciunt.', 'Ipsa aut et deserunt cupiditate. Sunt atque et quo officiis voluptate aut sint. Hic quidem beatae neque. Dicta architecto omnis ipsam doloribus et.', 114.90, 1, '2018-03-13 10:56:34', '2018-03-13 10:56:34'),
(21, 'Dolorum est ut et', 'Rerum deserunt praesentium quisquam nesciunt qui ea.', 'Excepturi quia placeat qui corrupti vitae. Voluptas accusamus quia quas occaecati corporis voluptas error. Minus aut aut ipsum dolorum.', 142.34, 2, '2018-03-13 10:56:38', '2018-03-13 10:56:38'),
(22, 'Aut sint quas', 'Natus quas veniam quae accusamus dolorem maiores.', 'Id temporibus sit laudantium voluptatem magni eaque. Magnam autem ducimus omnis sapiente ab. Ipsam voluptatem perferendis consequatur est.', 37.04, 2, '2018-03-13 10:56:38', '2018-03-13 10:56:38'),
(23, 'Voluptatem cupiditate nulla fugiat facilis', 'Similique dolore et illo itaque qui ad vel.', 'Nisi adipisci voluptatem ipsam aspernatur sunt aut qui. Ipsa eveniet odit reprehenderit id. Vel cumque iusto voluptate in. Modi dicta at ex voluptatem.', 70.54, 2, '2018-03-13 10:56:38', '2018-03-13 10:56:38'),
(24, 'Perspiciatis atque tenetur', 'Voluptatem voluptatem ut officiis totam sed amet iste autem nobis molestiae facere omnis.', 'Tempore est pariatur molestias. Nihil odit qui dignissimos hic eaque est nihil. Architecto voluptatum non ut aut nihil quis ipsa. Modi illo id ea in sed sequi.', 141.04, 2, '2018-03-13 10:56:38', '2018-03-13 10:56:38'),
(25, 'Saepe occaecati est aspernatur', 'Ea ut voluptatem omnis voluptas velit culpa molestiae.', 'Ea molestiae sunt nulla. Non impedit amet aut velit ad. Voluptatem iste ut amet nisi sed. Quia iusto sunt consequuntur nobis reiciendis quos.', 82.12, 2, '2018-03-13 10:56:38', '2018-03-13 10:56:38'),
(26, 'Nostrum quia consectetur natus', 'Occaecati deleniti doloremque aperiam minus fugit dolores.', 'Voluptatem ipsam est reprehenderit nisi qui et. Esse totam facilis aliquam.', 74.08, 2, '2018-03-13 10:56:38', '2018-03-13 10:56:38'),
(27, 'Cupiditate sunt sed voluptatem temporibus', 'Quia quos quis hic velit quam ut provident velit praesentium praesentium.', 'Perferendis quia alias sunt accusamus laboriosam nihil animi. Omnis alias suscipit accusantium et totam. Vero repellendus quas cum asperiores. Est est suscipit qui et voluptatem labore placeat est.', 113.90, 2, '2018-03-13 10:56:38', '2018-03-13 10:56:38'),
(28, 'Provident temporibus et est', 'Illum ut magni autem iusto quia ad repellendus ipsam sit iste.', 'Nobis aliquid nobis hic repudiandae nesciunt officiis. Modi nihil dolores nesciunt vel fugit aperiam. Tenetur quibusdam ullam ea. Quo ut et accusantium qui.', 39.97, 2, '2018-03-13 10:56:38', '2018-03-13 10:56:38'),
(29, 'Laborum et facere', 'Nihil numquam doloribus impedit et qui sed.', 'Repudiandae natus numquam molestiae similique. Pariatur error omnis atque optio.', 15.60, 2, '2018-03-13 10:56:38', '2018-03-13 10:56:38'),
(30, 'Accusamus ad accusamus dicta', 'Sunt ratione nulla quia vitae ut aperiam aperiam asperiores blanditiis ut officiis similique.', 'Architecto quibusdam quia voluptatem ut ut repellat laborum vel. Quia maxime nihil ex optio fugiat. Vitae quia sequi officiis sed et fuga adipisci. Vitae id sit fugiat cumque excepturi.', 20.16, 2, '2018-03-13 10:56:38', '2018-03-13 10:56:38'),
(31, 'Non ipsam omnis', 'Voluptas vero exercitationem aperiam et sed rerum.', 'Ratione quam harum nesciunt culpa. Provident asperiores aut ut illo qui ea. Et dolores fugit aut harum qui nulla omnis. Enim optio nihil veniam optio voluptatem omnis perspiciatis.', 99.77, 2, '2018-03-13 10:56:38', '2018-03-13 10:56:38'),
(32, 'Molestiae ipsam rem eligendi', 'Accusantium tempore atque omnis quos voluptatibus voluptatem aliquid dolorem id cupiditate ipsam magnam.', 'Animi quam quis magnam quo. Vero et est impedit aperiam eveniet. Et aut rerum quo. Quas aut nam quaerat aut sit.', 22.31, 2, '2018-03-13 10:56:38', '2018-03-13 10:56:38'),
(33, 'Ex saepe rem voluptatum', 'Explicabo qui cupiditate at iure placeat aut animi.', 'Et animi similique dolore dolorem vitae reiciendis. Laborum accusamus et fugiat asperiores quibusdam. Saepe eligendi esse recusandae aut dicta.', 76.87, 2, '2018-03-13 10:56:38', '2018-03-13 10:56:38'),
(34, 'Illo mollitia a', 'Expedita sunt quo id quidem voluptate et eum et vel.', 'Aut fuga eius modi ut enim eveniet. Optio esse aperiam explicabo qui. Officiis saepe voluptas qui adipisci in eius incidunt.', 10.59, 2, '2018-03-13 10:56:38', '2018-03-13 10:56:38'),
(35, 'Id dicta vel eligendi', 'Earum recusandae voluptatem et dolorem in aut voluptas doloremque.', 'Voluptate ipsum provident molestiae rerum quis. Labore vel ad nostrum quasi rerum nihil deleniti.', 91.29, 2, '2018-03-13 10:56:39', '2018-03-13 10:56:39'),
(36, 'Est minus esse', 'Dolor consequatur deleniti quia et ratione ipsum iusto rerum non unde et.', 'Tempora accusamus ducimus beatae. Rem omnis fuga praesentium sequi occaecati. Dolor error praesentium beatae enim aut deleniti voluptas. Quam ut impedit labore. Nesciunt eos et veritatis.', 91.06, 2, '2018-03-13 10:56:39', '2018-03-13 10:56:39'),
(37, 'Eos dicta numquam', 'Enim aliquam qui exercitationem placeat qui et dolores esse voluptatum occaecati quia harum explicabo.', 'Adipisci id dolorum nostrum iure maiores. Quam minus nesciunt sit aliquam est. Fugiat corporis quia rerum aut a consequuntur. Odit est exercitationem sit voluptatem.', 125.61, 2, '2018-03-13 10:56:39', '2018-03-13 10:56:39'),
(38, 'A nihil voluptatem', 'Saepe possimus architecto voluptatum ut sunt in molestias placeat illum.', 'Ut id quas et eius. Vel eum aspernatur modi id dolorum atque. Quia provident fugiat enim neque. Corrupti omnis ducimus ut qui et id. Nulla voluptas blanditiis sint quae et numquam quia.', 23.85, 2, '2018-03-13 10:56:39', '2018-03-13 10:56:39'),
(39, 'Tempora consectetur consequatur', 'Ipsam fuga repellendus ullam vero facilis voluptas id aut error dolores.', 'Dolor modi quam minima qui ab. Enim fuga corrupti temporibus aut adipisci itaque ipsam nemo. Sint alias tempore quia fugiat explicabo laboriosam. Soluta culpa et id blanditiis quia est repellendus.', 141.49, 2, '2018-03-13 10:56:39', '2018-03-13 10:56:39'),
(40, 'Ut alias', 'Asperiores ut unde eveniet deserunt rem sint quia et nihil sunt accusantium ut doloribus.', 'Architecto magni repellendus quod veritatis voluptatem ipsa porro. Tempora aut beatae sed molestias et. Pariatur quibusdam vitae enim nostrum nihil dignissimos.', 97.90, 2, '2018-03-13 10:56:39', '2018-03-13 10:56:39'),
(41, 'Consectetur nam', 'Mollitia sit et ut et saepe quam pariatur.', 'Dolorem laboriosam et et eligendi. Ullam perferendis deleniti quam qui. Saepe quia aut sint. Sunt occaecati ea aut et.', 62.20, 3, '2018-03-13 10:56:42', '2018-03-13 10:56:42'),
(42, 'Harum laudantium sapiente laboriosam', 'Doloribus aut excepturi quisquam possimus deleniti nemo maiores velit iste.', 'Ab eaque quis id sed nostrum deleniti inventore soluta. Iusto eum modi nihil. Reiciendis eos minima eaque itaque enim quos quae. Esse et rerum repudiandae et veritatis velit suscipit.', 137.16, 3, '2018-03-13 10:56:42', '2018-03-13 10:56:42'),
(43, 'Et sunt in enim', 'Commodi quo ipsum repellat aspernatur officiis illum eveniet quia magnam vitae sit sunt placeat excepturi.', 'Quia quo velit officiis ut sit. Fuga autem error ipsum ipsum quia. Porro animi inventore repellat est iusto est est.', 74.95, 3, '2018-03-13 10:56:42', '2018-03-13 10:56:42'),
(44, 'Est tempora quia assumenda ut', 'Ea officia error eaque pariatur fugit ducimus quam.', 'Odit sed ex dolores beatae. Ipsam deserunt aspernatur ipsum fugit ipsum.', 47.02, 3, '2018-03-13 10:56:42', '2018-03-13 10:56:42'),
(45, 'Odit eaque tenetur', 'Vitae molestiae dignissimos molestiae totam vitae sed.', 'Autem non velit illo inventore pariatur. Placeat molestiae iste aut corporis qui voluptates. Culpa rem dolorem aut. Est est deserunt quia quia aliquid atque.', 106.54, 3, '2018-03-13 10:56:42', '2018-03-13 10:56:42'),
(46, 'Totam quo repudiandae', 'In deleniti beatae expedita est officiis dolores.', 'Sequi sit culpa cum occaecati. Consequuntur expedita voluptatem error ex. Ut dolores eos voluptatem autem.', 49.89, 3, '2018-03-13 10:56:42', '2018-03-13 10:56:42'),
(47, 'Cumque est ipsum', 'Adipisci eum facilis quisquam quasi quia repudiandae magnam dolores provident minima voluptas eum quo.', 'Repellat officia sed et qui esse. Sit modi incidunt qui aliquam. Officiis praesentium id quas est illum quisquam. Nulla ut et qui ut quia ipsam asperiores. Odit atque corrupti labore impedit quia.', 140.37, 3, '2018-03-13 10:56:43', '2018-03-13 10:56:43'),
(48, 'Et amet assumenda', 'Dignissimos magni eius quis et ipsa alias.', 'Quae id iste possimus cupiditate voluptates. Id ipsa rerum quis. Velit laudantium nemo ab dolores aut ab et. Sit a amet a. Ad neque molestiae a id. A exercitationem illum quis.', 102.03, 3, '2018-03-13 10:56:43', '2018-03-13 10:56:43'),
(49, 'Repellat odio accusamus', 'In voluptatem nisi quia aut doloribus veniam.', 'Officia deleniti repellendus qui sed sint ut et ut. Doloremque autem quo quis perferendis omnis sed. Veniam quaerat magnam sed nihil repellendus modi. Quod libero nihil molestias magni.', 75.01, 3, '2018-03-13 10:56:43', '2018-03-13 10:56:43'),
(50, 'Perferendis est id', 'Tenetur labore quo vero veritatis distinctio repudiandae repellendus.', 'Eius molestiae iure eos qui et. Quo placeat enim eveniet itaque facilis. Iste nobis consequuntur impedit voluptas consectetur culpa. Nobis at sint aspernatur praesentium aspernatur.', 136.30, 3, '2018-03-13 10:56:43', '2018-03-13 10:56:43'),
(51, 'Eveniet autem sit et', 'Molestias tenetur maiores voluptatibus quod in soluta.', 'Reprehenderit dicta ea temporibus velit. Aperiam pariatur reprehenderit eaque. Ratione laudantium quis ratione doloremque itaque quia. Sed in dolores placeat quo nihil sapiente ab.', 43.27, 3, '2018-03-13 10:56:43', '2018-03-13 10:56:43'),
(52, 'Consectetur ut aspernatur', 'Voluptatum aut quas et aperiam ut ullam a aut vel.', 'Sint non doloremque adipisci temporibus quibusdam. Iure iusto exercitationem libero vitae aliquam voluptatum. Et molestias laborum rem qui voluptate aut sint suscipit.', 28.39, 3, '2018-03-13 10:56:43', '2018-03-13 10:56:43'),
(53, 'Est error', 'Dolor tempora qui vero a dolorum dicta iste sit ut qui.', 'Sunt dicta nisi ullam quasi explicabo. Consectetur accusantium et omnis vel reprehenderit. Voluptate laboriosam asperiores culpa minus.', 139.15, 3, '2018-03-13 10:56:43', '2018-03-13 10:56:43'),
(54, 'Facere placeat enim architecto maiores', 'Explicabo quam molestiae incidunt eos occaecati vitae aspernatur similique nisi maxime accusantium ipsum.', 'Ducimus odit cumque natus dolor ratione est totam atque. Dolor beatae iste dolor sapiente in quae. Deleniti vel illo quod vero repellendus.', 45.15, 3, '2018-03-13 10:56:43', '2018-03-13 10:56:43'),
(55, 'Iusto id accusantium qui', 'Neque quidem magni sint saepe minima qui alias deserunt aut rerum.', 'Et quia enim vitae sed est esse eius qui. Repellat aut deleniti ut sint est eos id accusantium. Id vero reiciendis et qui aut corrupti. Dolor ut doloribus quia quia tempora consequatur veniam.', 123.48, 3, '2018-03-13 10:56:43', '2018-03-13 10:56:43'),
(56, 'Qui illo laudantium ut', 'Qui qui animi qui laboriosam perferendis nisi sed rerum qui laborum ut ut quisquam.', 'Eum reiciendis ducimus et nam dolor nam. Vel repellendus doloremque deserunt asperiores. Sequi eius illo cumque aliquam unde modi occaecati.', 144.42, 3, '2018-03-13 10:56:43', '2018-03-13 10:56:43'),
(57, 'Accusamus voluptatem delectus numquam', 'Et eum maxime quisquam aut laudantium quas repellendus.', 'Inventore et similique dolores iure. Saepe tempore in tempora inventore. Sint inventore itaque ad vel voluptatibus qui facilis aut.', 20.67, 3, '2018-03-13 10:56:43', '2018-03-13 10:56:43'),
(58, 'Natus odit repellat omnis', 'Similique odit nostrum accusantium velit eaque est ea qui voluptate labore.', 'Velit laborum ullam voluptates dolorem saepe. Natus dolorum et aut porro et maiores non cum. Molestias qui quos adipisci fugiat occaecati labore rerum. Necessitatibus neque ipsa officiis temporibus.', 73.62, 3, '2018-03-13 10:56:43', '2018-03-13 10:56:43'),
(59, 'Laboriosam eius officiis', 'Dignissimos officia tempora sint ea saepe molestiae nostrum tempore sint sit deserunt.', 'Temporibus earum fugiat quasi neque in. Culpa dolor esse pariatur natus voluptate nihil laboriosam. Illum neque ut atque aut aliquid. Qui voluptatem est ut id quasi quas ut.', 21.38, 3, '2018-03-13 10:56:43', '2018-03-13 10:56:43'),
(60, 'Quam eos quia aut', 'Enim possimus expedita quisquam enim rem dolores omnis.', 'Deserunt tenetur deleniti nemo eos odit. Autem culpa delectus est quaerat recusandae sed quia. Vero ducimus qui velit ut.', 95.41, 3, '2018-03-13 10:56:43', '2018-03-13 10:56:43'),
(61, 'Qui iusto non', 'Inventore quibusdam fugiat fugiat in molestias illo.', 'Harum veritatis architecto est asperiores est fugit aut. Debitis voluptas deleniti omnis. Doloribus quod iure omnis.', 61.17, 4, '2018-03-13 10:56:46', '2018-03-13 10:56:46'),
(62, 'Qui eos doloremque sint', 'Ut ipsam quod officiis quos autem officiis voluptas.', 'Labore voluptatem qui commodi. Ut ratione reiciendis accusantium dolorem totam fugit. Nemo doloribus enim est veritatis.', 47.72, 4, '2018-03-13 10:56:46', '2018-03-13 10:56:46'),
(63, 'Sit deleniti sint', 'Alias sapiente error magnam consectetur vel hic tempore.', 'Nesciunt ut id dignissimos modi. Provident quidem quis est quos corrupti. Consequatur commodi corrupti est repudiandae voluptatum nulla.', 62.18, 4, '2018-03-13 10:56:46', '2018-03-13 10:56:46'),
(64, 'Nobis iste aperiam est qui', 'Aut mollitia in iusto consequatur qui sint.', 'Est sequi ullam aut dolorum. Dicta dolores ex ea sint. Eum ut illum neque et nihil.', 78.72, 4, '2018-03-13 10:56:46', '2018-03-13 10:56:46'),
(65, 'Voluptatem est minus ut', 'Sequi et facere iste quisquam ullam molestiae illum velit velit ratione earum non.', 'Doloremque voluptates magni dignissimos illo. Odio expedita et quis repellendus. Necessitatibus explicabo facilis temporibus aliquam.', 75.94, 4, '2018-03-13 10:56:46', '2018-03-13 10:56:46'),
(66, 'Nulla accusamus quas', 'Quidem delectus porro excepturi modi soluta placeat voluptas voluptatem voluptas corporis eaque.', 'Sed qui et distinctio tempore. Dicta deserunt natus pariatur voluptas velit nesciunt et. Culpa quas cumque nostrum.', 80.96, 4, '2018-03-13 10:56:46', '2018-03-13 10:56:46'),
(67, 'Suscipit quibusdam culpa', 'Quo ipsa consectetur dolor officia perspiciatis enim.', 'Pariatur illum non ullam. Et sit ab consequatur iure facilis laboriosam non iste. Ut adipisci dolor et est id ratione. Tenetur aut maiores atque.', 8.08, 4, '2018-03-13 10:56:47', '2018-03-13 10:56:47'),
(68, 'Natus ut ut repellat', 'Consequatur voluptate et sunt id est hic dolorum quia explicabo a reiciendis quo.', 'Rerum ipsum excepturi dolorem voluptatem. Optio culpa tempora consequatur. Consequatur vero officia libero sunt ex.', 119.68, 4, '2018-03-13 10:56:47', '2018-03-13 10:56:47'),
(69, 'Qui magnam aut impedit', 'Reprehenderit recusandae assumenda labore repellendus corrupti enim laboriosam labore ut libero.', 'Harum explicabo ut officiis eligendi aperiam quidem facere perferendis. Rerum unde enim et maxime sunt fugit similique. Occaecati doloremque rerum amet repellat est.', 86.53, 4, '2018-03-13 10:56:47', '2018-03-13 10:56:47'),
(70, 'Adipisci sed dolores asperiores', 'Voluptatem ut nemo hic et quidem itaque consequatur laboriosam id laudantium facere.', 'Et est est totam. Numquam id expedita consequatur est id quaerat temporibus veritatis. Animi ex modi est animi et et. Consequatur dolor non est veritatis.', 126.64, 4, '2018-03-13 10:56:47', '2018-03-13 10:56:47'),
(71, 'Sint id ratione', 'Facilis dolorum veniam enim odit repellat minus qui praesentium.', 'Aut et sed officiis reprehenderit. Corporis quisquam qui ullam odio. Sed maiores minima maxime error. Sequi consequatur incidunt quisquam quo ex.', 121.24, 4, '2018-03-13 10:56:47', '2018-03-13 10:56:47'),
(72, 'Rerum praesentium libero laboriosam', 'Quia ipsa amet ea dolor omnis earum numquam sed officiis eius.', 'Aliquid sint voluptas et voluptate. Voluptatem iste deleniti quasi qui. Molestias sunt totam qui est molestiae consequatur. Debitis beatae voluptatem ullam aliquam.', 132.71, 4, '2018-03-13 10:56:47', '2018-03-13 10:56:47'),
(73, 'Qui dolor voluptas', 'Corrupti optio maiores aperiam ea eum dolorum perferendis asperiores porro et quod.', 'Consequatur eligendi autem aut et. Sed dolorem repellat quia reprehenderit. Non quo unde id molestiae sequi quibusdam nemo. Consequuntur omnis ipsum vero officia inventore.', 29.71, 4, '2018-03-13 10:56:47', '2018-03-13 10:56:47'),
(74, 'Voluptatem ipsum aut', 'Earum qui soluta corrupti harum beatae aut quisquam minima saepe reiciendis sed veniam.', 'Voluptates quaerat fugit voluptates quidem ducimus eum fuga quam. Odio ut tempore ea commodi voluptas ipsa. Reiciendis labore accusamus accusamus temporibus dolores et.', 45.53, 4, '2018-03-13 10:56:47', '2018-03-13 10:56:47'),
(75, 'Tempora nihil provident perspiciatis qui', 'Mollitia est quae aspernatur ut aut id.', 'Id vitae vel repellendus ipsam nisi. Eum fugiat minima quaerat officiis. Exercitationem consequatur totam natus deserunt molestiae labore. Inventore voluptas fugit eos qui.', 137.72, 4, '2018-03-13 10:56:47', '2018-03-13 10:56:47'),
(76, 'Dignissimos pariatur', 'Odio pariatur voluptates corporis aut voluptate architecto aut est et quod eaque.', 'Ut blanditiis excepturi molestiae provident nemo omnis neque sed. Consequatur sint nostrum neque corporis tempore modi. Eius optio in ut dolor eveniet ipsa.', 54.45, 4, '2018-03-13 10:56:47', '2018-03-13 10:56:47'),
(77, 'Tempora dolorum reiciendis et', 'Consectetur accusamus et neque perspiciatis quas nisi quod et aut.', 'Et debitis magni et expedita delectus est ab. Iste ratione qui praesentium quia fuga. Ad qui quidem itaque ipsa atque ad.', 126.14, 4, '2018-03-13 10:56:47', '2018-03-13 10:56:47'),
(78, 'Quidem quibusdam autem', 'Unde asperiores error animi inventore rem quia.', 'Delectus voluptatem neque inventore consectetur veniam minus iste. Sapiente debitis est sint saepe quas. Consequatur eius at rem.', 35.33, 4, '2018-03-13 10:56:47', '2018-03-13 10:56:47'),
(79, 'Totam eos dolores tempora', 'Aut ullam illo voluptatem ut sint facilis deleniti sit non enim error sunt iusto.', 'Totam repudiandae molestiae molestias ut. Aut nesciunt labore placeat blanditiis et eos. Quia dolores rerum eligendi deleniti et qui cupiditate. Et non hic esse dolor.', 101.24, 4, '2018-03-13 10:56:47', '2018-03-13 10:56:47'),
(80, 'In temporibus cum', 'Aut qui voluptatem ad saepe optio non enim beatae.', 'Nostrum quibusdam commodi quidem et illum nesciunt corrupti. Veritatis corporis dolor qui commodi sed ex sed. Voluptatum eos sapiente et explicabo eum eligendi repudiandae deleniti.', 17.75, 4, '2018-03-13 10:56:47', '2018-03-13 10:56:47'),
(81, 'Quod delectus occaecati non', 'Dolorem molestias et qui quo consequatur laboriosam aperiam saepe.', 'Enim voluptas voluptatem quae quam beatae. A voluptatem voluptatem sunt mollitia numquam commodi in. Et sequi sed reiciendis facilis. Tempore aliquam placeat harum facere eveniet.', 84.60, 5, '2018-03-13 10:56:50', '2018-03-13 10:56:50'),
(82, 'Atque doloribus ad molestiae', 'Quod itaque dolor qui nemo ducimus praesentium eveniet cum qui.', 'Dicta vitae ducimus eligendi quisquam. Est illum vitae quaerat in. Animi alias voluptatem itaque velit sapiente.', 32.20, 5, '2018-03-13 10:56:50', '2018-03-13 10:56:50'),
(83, 'Unde eos aspernatur vel quis', 'Recusandae qui facere quae velit laudantium nobis aperiam.', 'Possimus sunt exercitationem rerum id dolorem. Commodi sequi qui est et. Non similique asperiores ducimus est nulla.', 127.41, 5, '2018-03-13 10:56:50', '2018-03-13 10:56:50'),
(84, 'Eveniet sint excepturi', 'Exercitationem itaque velit nostrum in quo voluptatem aut ut ipsa et aut.', 'Eveniet quo reiciendis sit delectus. Corrupti assumenda illo alias molestias. Voluptatem quia sunt et et.', 33.09, 5, '2018-03-13 10:56:50', '2018-03-13 10:56:50'),
(85, 'Aut incidunt tempore consequuntur', 'Ipsum voluptate quidem temporibus voluptas qui et rerum iure quia veniam est.', 'Deserunt placeat recusandae hic ipsa est officiis. Ullam autem sequi quia. Placeat quaerat beatae quo. Officia qui quia nulla.', 131.92, 5, '2018-03-13 10:56:50', '2018-03-13 10:56:50'),
(86, 'Natus iure perspiciatis mollitia', 'Qui eos qui quas fuga qui sunt quaerat sit.', 'Voluptas nam itaque dicta et labore illo. Cupiditate beatae qui nesciunt ipsa quia porro. Sed dolor ex voluptatem. Nemo accusamus veritatis libero voluptates quaerat sequi vel.', 66.48, 5, '2018-03-13 10:56:50', '2018-03-13 10:56:50'),
(87, 'Officiis vel magnam quo', 'Omnis molestias dolores facilis iure maiores consequatur neque laudantium vero illo rem.', 'Ducimus earum veritatis iure deleniti. Cumque eveniet aliquid et optio ut eius omnis assumenda. Aliquam fugit natus ut sit voluptatem dolor quasi. Sint ullam occaecati iure.', 133.23, 5, '2018-03-13 10:56:50', '2018-03-13 10:56:50'),
(88, 'Eligendi et cumque voluptate et', 'Sed laboriosam omnis neque enim excepturi odit iste ut voluptas doloribus quo et officiis.', 'Qui qui similique aut est. Esse exercitationem laborum sed corporis aut excepturi assumenda. Consequatur aut quia consectetur magnam illum non consequuntur voluptate.', 85.91, 5, '2018-03-13 10:56:50', '2018-03-13 10:56:50'),
(89, 'Quia unde quis', 'Nobis quas a ea a natus molestiae numquam.', 'Quos ut enim autem facere qui aperiam. Aut qui provident placeat sint sed porro. Enim delectus nihil natus molestiae eaque ab. Tempora iste odio ut repudiandae. Laborum quia error qui maxime.', 44.48, 5, '2018-03-13 10:56:50', '2018-03-13 10:56:50'),
(90, 'Praesentium quisquam sed eos', 'Sed reprehenderit non laudantium iusto quo laborum mollitia aut at facere optio ipsa qui.', 'Est neque totam ducimus facere dolorem nobis. Maxime recusandae animi debitis perferendis aut sint. Sed aut natus error aliquam. Veniam nobis omnis optio minima voluptatem consequatur qui.', 141.17, 5, '2018-03-13 10:56:51', '2018-03-13 10:56:51'),
(91, 'Ea tenetur nulla sit', 'Ullam tempore ea omnis magni aut repellat consequuntur nulla quisquam odio assumenda provident corrupti.', 'Dolor in assumenda quam sed expedita. Harum dolorum harum non ipsum expedita culpa est. Qui sed necessitatibus cumque omnis quia ut qui.', 59.33, 5, '2018-03-13 10:56:51', '2018-03-13 10:56:51'),
(92, 'Ut magni', 'Unde laborum minus tempore eius tempora voluptas.', 'Ut qui aliquam est id. Repellat modi quia hic velit officiis non est voluptatum. Explicabo sint illum impedit non consequatur exercitationem.', 10.05, 5, '2018-03-13 10:56:51', '2018-03-13 10:56:51'),
(93, 'Id rem autem', 'Est sed suscipit illo harum ducimus atque optio consequatur aliquid necessitatibus velit.', 'Libero molestiae placeat ex in et. Quia fugit nihil et ex laborum et. Ut quae esse doloremque illum fuga. Deleniti temporibus officia qui blanditiis voluptatem voluptatibus et.', 34.00, 5, '2018-03-13 10:56:51', '2018-03-13 10:56:51'),
(94, 'Et aut distinctio tempora', 'Tempore molestiae maiores consequuntur fugit nisi odit ducimus repellat in quaerat unde quisquam praesentium.', 'Rerum debitis quo maxime quae quia. Qui quaerat tenetur praesentium ab. Ipsam aperiam repellendus ut molestiae laborum ipsum aliquam.', 135.97, 5, '2018-03-13 10:56:51', '2018-03-13 10:56:51'),
(95, 'Dolorum labore suscipit et', 'Suscipit sit omnis in praesentium distinctio repudiandae.', 'Autem modi iusto aut omnis. Fuga corrupti aut eveniet suscipit. Hic sapiente saepe et necessitatibus et.', 118.03, 5, '2018-03-13 10:56:51', '2018-03-13 10:56:51'),
(96, 'Sit ut delectus', 'Unde est praesentium enim incidunt non repellat quia minima qui beatae.', 'Voluptas aut recusandae earum dolores. Blanditiis amet quas rerum.', 83.16, 5, '2018-03-13 10:56:51', '2018-03-13 10:56:51'),
(97, 'Necessitatibus possimus vero', 'Ut mollitia cupiditate numquam enim laudantium sit ullam eos facere error.', 'Ut excepturi eius voluptatem dicta sapiente. Doloribus rerum quaerat ipsa magnam incidunt. Vero sunt nobis nobis optio exercitationem est. Vero consequatur consequuntur quisquam accusamus.', 100.90, 5, '2018-03-13 10:56:51', '2018-03-13 10:56:51'),
(98, 'Quisquam quibusdam nihil ut', 'Suscipit sint ut rerum voluptate est tempore veritatis optio nesciunt.', 'Ex soluta magnam voluptatem in. Sit eligendi suscipit eum. Doloribus illo dolorem est iste sit modi consequuntur. In voluptatem veritatis officia occaecati.', 123.21, 5, '2018-03-13 10:56:51', '2018-03-13 10:56:51'),
(99, 'Consequatur deleniti cupiditate', 'Et vitae minima quia eveniet vel alias voluptas error qui sunt cupiditate et.', 'Veniam et non et aut. Quia ut nulla deserunt reprehenderit explicabo aspernatur consequatur. Id ex quibusdam deserunt quia ratione magni reprehenderit.', 41.75, 5, '2018-03-13 10:56:51', '2018-03-13 10:56:51'),
(100, 'Harum fugiat tempore quia', 'Aliquam accusamus aut sapiente sed deleniti accusantium velit.', 'Aspernatur alias vitae aut voluptatibus eum accusamus magnam vel. Minima laboriosam aut minus quia officia animi sapiente et. Dolorem natus reprehenderit minus totam maiores.', 5.02, 5, '2018-03-13 10:56:51', '2018-03-13 10:56:51');

-- --------------------------------------------------------

--
-- Estructura de tabla para la tabla `product_images`
--

CREATE TABLE `product_images` (
  `id` int(10) UNSIGNED NOT NULL,
  `image` varchar(255) COLLATE utf8_unicode_ci NOT NULL,
  `featured` tinyint(1) NOT NULL DEFAULT '0',
  `product_id` int(10) UNSIGNED NOT NULL,
  `created_at` timestamp NULL DEFAULT NULL,
  `updated_at` timestamp NULL DEFAULT NULL
) ENGINE=InnoDB DEFAULT CHARSET=utf8 COLLATE=utf8_unicode_ci;

--
-- Volcado de datos para la tabla `product_images`
--

INSERT INTO `product_images` (`id`, `image`, `featured`, `product_id`, `created_at`, `updated_at`) VALUES
(1, 'https://lorempixel.com/250/250/?11316', 0, 1, '2018-03-13 10:56:34', '2018-03-13 10:56:34'),
(2, 'https://lorempixel.com/250/250/?97285', 0, 1, '2018-03-13 10:56:34', '2018-03-13 10:56:34'),
(3, 'https://lorempixel.com/250/250/?21622', 0, 1, '2018-03-13 10:56:34', '2018-03-13 10:56:34'),
(4, 'https://lorempixel.com/250/250/?95191', 0, 1, '2018-03-13 10:56:34', '2018-03-13 10:56:34'),
(5, 'https://lorempixel.com/250/250/?34456', 0, 1, '2018-03-13 10:56:34', '2018-03-13 10:56:34'),
(6, 'https://lorempixel.com/250/250/?47202', 0, 2, '2018-03-13 10:56:34', '2018-03-13 10:56:34'),
(7, 'https://lorempixel.com/250/250/?33355', 0, 2, '2018-03-13 10:56:34', '2018-03-13 10:56:34'),
(8, 'https://lorempixel.com/250/250/?17381', 0, 2, '2018-03-13 10:56:34', '2018-03-13 10:56:34'),
(9, 'https://lorempixel.com/250/250/?95299', 0, 2, '2018-03-13 10:56:34', '2018-03-13 10:56:34'),
(10, 'https://lorempixel.com/250/250/?11944', 0, 2, '2018-03-13 10:56:34', '2018-03-13 10:56:34'),
(11, 'https://lorempixel.com/250/250/?58681', 0, 3, '2018-03-13 10:56:34', '2018-03-13 10:56:34'),
(12, 'https://lorempixel.com/250/250/?88512', 0, 3, '2018-03-13 10:56:34', '2018-03-13 10:56:34'),
(13, 'https://lorempixel.com/250/250/?41081', 0, 3, '2018-03-13 10:56:34', '2018-03-13 10:56:34'),
(14, 'https://lorempixel.com/250/250/?85572', 0, 3, '2018-03-13 10:56:34', '2018-03-13 10:56:34'),
(15, 'https://lorempixel.com/250/250/?39367', 0, 3, '2018-03-13 10:56:34', '2018-03-13 10:56:34'),
(16, 'https://lorempixel.com/250/250/?26435', 0, 4, '2018-03-13 10:56:34', '2018-03-13 10:56:34'),
(17, 'https://lorempixel.com/250/250/?64004', 0, 4, '2018-03-13 10:56:34', '2018-03-13 10:56:34'),
(18, 'https://lorempixel.com/250/250/?40444', 0, 4, '2018-03-13 10:56:34', '2018-03-13 10:56:34'),
(19, 'https://lorempixel.com/250/250/?25765', 0, 4, '2018-03-13 10:56:34', '2018-03-13 10:56:34'),
(20, 'https://lorempixel.com/250/250/?70847', 0, 4, '2018-03-13 10:56:35', '2018-03-13 10:56:35'),
(21, 'https://lorempixel.com/250/250/?59073', 0, 5, '2018-03-13 10:56:35', '2018-03-13 10:56:35'),
(22, 'https://lorempixel.com/250/250/?43290', 0, 5, '2018-03-13 10:56:35', '2018-03-13 10:56:35'),
(23, 'https://lorempixel.com/250/250/?30015', 0, 5, '2018-03-13 10:56:35', '2018-03-13 10:56:35'),
(24, 'https://lorempixel.com/250/250/?80084', 0, 5, '2018-03-13 10:56:35', '2018-03-13 10:56:35'),
(25, 'https://lorempixel.com/250/250/?90161', 0, 5, '2018-03-13 10:56:35', '2018-03-13 10:56:35'),
(26, 'https://lorempixel.com/250/250/?37445', 0, 6, '2018-03-13 10:56:35', '2018-03-13 10:56:35'),
(27, 'https://lorempixel.com/250/250/?62670', 0, 6, '2018-03-13 10:56:35', '2018-03-13 10:56:35'),
(28, 'https://lorempixel.com/250/250/?43941', 0, 6, '2018-03-13 10:56:35', '2018-03-13 10:56:35'),
(29, 'https://lorempixel.com/250/250/?76670', 0, 6, '2018-03-13 10:56:35', '2018-03-13 10:56:35'),
(30, 'https://lorempixel.com/250/250/?60258', 0, 6, '2018-03-13 10:56:35', '2018-03-13 10:56:35'),
(31, 'https://lorempixel.com/250/250/?17762', 0, 7, '2018-03-13 10:56:35', '2018-03-13 10:56:35'),
(32, 'https://lorempixel.com/250/250/?75715', 0, 7, '2018-03-13 10:56:35', '2018-03-13 10:56:35'),
(33, 'https://lorempixel.com/250/250/?64394', 0, 7, '2018-03-13 10:56:35', '2018-03-13 10:56:35'),
(34, 'https://lorempixel.com/250/250/?86180', 0, 7, '2018-03-13 10:56:35', '2018-03-13 10:56:35'),
(35, 'https://lorempixel.com/250/250/?37209', 0, 7, '2018-03-13 10:56:35', '2018-03-13 10:56:35'),
(36, 'https://lorempixel.com/250/250/?50723', 0, 8, '2018-03-13 10:56:35', '2018-03-13 10:56:35'),
(37, 'https://lorempixel.com/250/250/?46156', 0, 8, '2018-03-13 10:56:35', '2018-03-13 10:56:35'),
(38, 'https://lorempixel.com/250/250/?54153', 0, 8, '2018-03-13 10:56:35', '2018-03-13 10:56:35'),
(39, 'https://lorempixel.com/250/250/?88543', 0, 8, '2018-03-13 10:56:35', '2018-03-13 10:56:35'),
(40, 'https://lorempixel.com/250/250/?49572', 0, 8, '2018-03-13 10:56:35', '2018-03-13 10:56:35'),
(41, 'https://lorempixel.com/250/250/?62576', 0, 9, '2018-03-13 10:56:35', '2018-03-13 10:56:35'),
(42, 'https://lorempixel.com/250/250/?12362', 0, 9, '2018-03-13 10:56:35', '2018-03-13 10:56:35'),
(43, 'https://lorempixel.com/250/250/?95952', 0, 9, '2018-03-13 10:56:35', '2018-03-13 10:56:35'),
(44, 'https://lorempixel.com/250/250/?12760', 0, 9, '2018-03-13 10:56:35', '2018-03-13 10:56:35'),
(45, 'https://lorempixel.com/250/250/?98726', 0, 9, '2018-03-13 10:56:36', '2018-03-13 10:56:36'),
(46, 'https://lorempixel.com/250/250/?16994', 0, 10, '2018-03-13 10:56:36', '2018-03-13 10:56:36'),
(47, 'https://lorempixel.com/250/250/?95980', 0, 10, '2018-03-13 10:56:36', '2018-03-13 10:56:36'),
(48, 'https://lorempixel.com/250/250/?49851', 0, 10, '2018-03-13 10:56:36', '2018-03-13 10:56:36'),
(49, 'https://lorempixel.com/250/250/?93133', 0, 10, '2018-03-13 10:56:36', '2018-03-13 10:56:36'),
(50, 'https://lorempixel.com/250/250/?19196', 0, 10, '2018-03-13 10:56:36', '2018-03-13 10:56:36'),
(51, 'https://lorempixel.com/250/250/?19075', 0, 11, '2018-03-13 10:56:36', '2018-03-13 10:56:36'),
(52, 'https://lorempixel.com/250/250/?70462', 0, 11, '2018-03-13 10:56:36', '2018-03-13 10:56:36'),
(53, 'https://lorempixel.com/250/250/?85203', 0, 11, '2018-03-13 10:56:36', '2018-03-13 10:56:36'),
(54, 'https://lorempixel.com/250/250/?74117', 0, 11, '2018-03-13 10:56:36', '2018-03-13 10:56:36'),
(55, 'https://lorempixel.com/250/250/?36166', 0, 11, '2018-03-13 10:56:36', '2018-03-13 10:56:36'),
(56, 'https://lorempixel.com/250/250/?51294', 0, 12, '2018-03-13 10:56:36', '2018-03-13 10:56:36'),
(57, 'https://lorempixel.com/250/250/?95392', 0, 12, '2018-03-13 10:56:36', '2018-03-13 10:56:36'),
(58, 'https://lorempixel.com/250/250/?47996', 0, 12, '2018-03-13 10:56:36', '2018-03-13 10:56:36'),
(59, 'https://lorempixel.com/250/250/?43025', 0, 12, '2018-03-13 10:56:36', '2018-03-13 10:56:36'),
(60, 'https://lorempixel.com/250/250/?67079', 0, 12, '2018-03-13 10:56:36', '2018-03-13 10:56:36'),
(61, 'https://lorempixel.com/250/250/?99544', 0, 13, '2018-03-13 10:56:36', '2018-03-13 10:56:36'),
(62, 'https://lorempixel.com/250/250/?39445', 0, 13, '2018-03-13 10:56:36', '2018-03-13 10:56:36'),
(63, 'https://lorempixel.com/250/250/?13506', 0, 13, '2018-03-13 10:56:36', '2018-03-13 10:56:36'),
(64, 'https://lorempixel.com/250/250/?48849', 0, 13, '2018-03-13 10:56:36', '2018-03-13 10:56:36'),
(65, 'https://lorempixel.com/250/250/?25924', 0, 13, '2018-03-13 10:56:36', '2018-03-13 10:56:36'),
(66, 'https://lorempixel.com/250/250/?18611', 0, 14, '2018-03-13 10:56:36', '2018-03-13 10:56:36'),
(67, 'https://lorempixel.com/250/250/?91584', 0, 14, '2018-03-13 10:56:36', '2018-03-13 10:56:36'),
(68, 'https://lorempixel.com/250/250/?95783', 0, 14, '2018-03-13 10:56:36', '2018-03-13 10:56:36'),
(69, 'https://lorempixel.com/250/250/?92037', 0, 14, '2018-03-13 10:56:36', '2018-03-13 10:56:36'),
(70, 'https://lorempixel.com/250/250/?28144', 0, 14, '2018-03-13 10:56:36', '2018-03-13 10:56:36'),
(71, 'https://lorempixel.com/250/250/?10280', 0, 15, '2018-03-13 10:56:36', '2018-03-13 10:56:36'),
(72, 'https://lorempixel.com/250/250/?67131', 0, 15, '2018-03-13 10:56:37', '2018-03-13 10:56:37'),
(73, 'https://lorempixel.com/250/250/?26159', 0, 15, '2018-03-13 10:56:37', '2018-03-13 10:56:37'),
(74, 'https://lorempixel.com/250/250/?95737', 0, 15, '2018-03-13 10:56:37', '2018-03-13 10:56:37'),
(75, 'https://lorempixel.com/250/250/?35110', 0, 15, '2018-03-13 10:56:37', '2018-03-13 10:56:37'),
(76, 'https://lorempixel.com/250/250/?87796', 0, 16, '2018-03-13 10:56:37', '2018-03-13 10:56:37'),
(77, 'https://lorempixel.com/250/250/?84256', 0, 16, '2018-03-13 10:56:37', '2018-03-13 10:56:37'),
(78, 'https://lorempixel.com/250/250/?88782', 0, 16, '2018-03-13 10:56:37', '2018-03-13 10:56:37'),
(79, 'https://lorempixel.com/250/250/?76664', 0, 16, '2018-03-13 10:56:37', '2018-03-13 10:56:37'),
(80, 'https://lorempixel.com/250/250/?28816', 0, 16, '2018-03-13 10:56:37', '2018-03-13 10:56:37'),
(81, 'https://lorempixel.com/250/250/?21091', 0, 17, '2018-03-13 10:56:37', '2018-03-13 10:56:37'),
(82, 'https://lorempixel.com/250/250/?49848', 0, 17, '2018-03-13 10:56:37', '2018-03-13 10:56:37'),
(83, 'https://lorempixel.com/250/250/?27736', 0, 17, '2018-03-13 10:56:37', '2018-03-13 10:56:37'),
(84, 'https://lorempixel.com/250/250/?98812', 0, 17, '2018-03-13 10:56:37', '2018-03-13 10:56:37'),
(85, 'https://lorempixel.com/250/250/?64312', 0, 17, '2018-03-13 10:56:37', '2018-03-13 10:56:37'),
(86, 'https://lorempixel.com/250/250/?77949', 0, 18, '2018-03-13 10:56:37', '2018-03-13 10:56:37'),
(87, 'https://lorempixel.com/250/250/?10490', 0, 18, '2018-03-13 10:56:37', '2018-03-13 10:56:37'),
(88, 'https://lorempixel.com/250/250/?31275', 0, 18, '2018-03-13 10:56:37', '2018-03-13 10:56:37'),
(89, 'https://lorempixel.com/250/250/?49341', 0, 18, '2018-03-13 10:56:37', '2018-03-13 10:56:37'),
(90, 'https://lorempixel.com/250/250/?26965', 0, 18, '2018-03-13 10:56:37', '2018-03-13 10:56:37'),
(91, 'https://lorempixel.com/250/250/?58088', 0, 19, '2018-03-13 10:56:37', '2018-03-13 10:56:37'),
(92, 'https://lorempixel.com/250/250/?26513', 0, 19, '2018-03-13 10:56:37', '2018-03-13 10:56:37'),
(93, 'https://lorempixel.com/250/250/?52527', 0, 19, '2018-03-13 10:56:37', '2018-03-13 10:56:37'),
(94, 'https://lorempixel.com/250/250/?53061', 0, 19, '2018-03-13 10:56:37', '2018-03-13 10:56:37'),
(95, 'https://lorempixel.com/250/250/?11883', 0, 19, '2018-03-13 10:56:37', '2018-03-13 10:56:37'),
(96, 'https://lorempixel.com/250/250/?97774', 0, 20, '2018-03-13 10:56:38', '2018-03-13 10:56:38'),
(97, 'https://lorempixel.com/250/250/?70644', 0, 20, '2018-03-13 10:56:38', '2018-03-13 10:56:38'),
(98, 'https://lorempixel.com/250/250/?65506', 0, 20, '2018-03-13 10:56:38', '2018-03-13 10:56:38'),
(99, 'https://lorempixel.com/250/250/?12075', 0, 20, '2018-03-13 10:56:38', '2018-03-13 10:56:38'),
(100, 'https://lorempixel.com/250/250/?71786', 0, 20, '2018-03-13 10:56:38', '2018-03-13 10:56:38'),
(101, 'https://lorempixel.com/250/250/?31096', 0, 21, '2018-03-13 10:56:39', '2018-03-13 10:56:39'),
(102, 'https://lorempixel.com/250/250/?11068', 0, 21, '2018-03-13 10:56:39', '2018-03-13 10:56:39'),
(103, 'https://lorempixel.com/250/250/?30753', 0, 21, '2018-03-13 10:56:39', '2018-03-13 10:56:39'),
(104, 'https://lorempixel.com/250/250/?60835', 0, 21, '2018-03-13 10:56:39', '2018-03-13 10:56:39'),
(105, 'https://lorempixel.com/250/250/?39178', 0, 21, '2018-03-13 10:56:39', '2018-03-13 10:56:39'),
(106, 'https://lorempixel.com/250/250/?18047', 0, 22, '2018-03-13 10:56:39', '2018-03-13 10:56:39'),
(107, 'https://lorempixel.com/250/250/?95627', 0, 22, '2018-03-13 10:56:39', '2018-03-13 10:56:39'),
(108, 'https://lorempixel.com/250/250/?71549', 0, 22, '2018-03-13 10:56:39', '2018-03-13 10:56:39'),
(109, 'https://lorempixel.com/250/250/?12762', 0, 22, '2018-03-13 10:56:39', '2018-03-13 10:56:39'),
(110, 'https://lorempixel.com/250/250/?38074', 0, 22, '2018-03-13 10:56:39', '2018-03-13 10:56:39'),
(111, 'https://lorempixel.com/250/250/?23642', 0, 23, '2018-03-13 10:56:39', '2018-03-13 10:56:39'),
(112, 'https://lorempixel.com/250/250/?95724', 0, 23, '2018-03-13 10:56:39', '2018-03-13 10:56:39'),
(113, 'https://lorempixel.com/250/250/?50940', 0, 23, '2018-03-13 10:56:39', '2018-03-13 10:56:39'),
(114, 'https://lorempixel.com/250/250/?29177', 0, 23, '2018-03-13 10:56:39', '2018-03-13 10:56:39'),
(115, 'https://lorempixel.com/250/250/?67300', 0, 23, '2018-03-13 10:56:39', '2018-03-13 10:56:39'),
(116, 'https://lorempixel.com/250/250/?10886', 0, 24, '2018-03-13 10:56:39', '2018-03-13 10:56:39'),
(117, 'https://lorempixel.com/250/250/?90355', 0, 24, '2018-03-13 10:56:39', '2018-03-13 10:56:39'),
(118, 'https://lorempixel.com/250/250/?82098', 0, 24, '2018-03-13 10:56:39', '2018-03-13 10:56:39'),
(119, 'https://lorempixel.com/250/250/?95709', 0, 24, '2018-03-13 10:56:39', '2018-03-13 10:56:39'),
(120, 'https://lorempixel.com/250/250/?57841', 0, 24, '2018-03-13 10:56:39', '2018-03-13 10:56:39'),
(121, 'https://lorempixel.com/250/250/?76706', 0, 25, '2018-03-13 10:56:40', '2018-03-13 10:56:40'),
(122, 'https://lorempixel.com/250/250/?44792', 0, 25, '2018-03-13 10:56:40', '2018-03-13 10:56:40'),
(123, 'https://lorempixel.com/250/250/?72527', 0, 25, '2018-03-13 10:56:40', '2018-03-13 10:56:40'),
(124, 'https://lorempixel.com/250/250/?39234', 0, 25, '2018-03-13 10:56:40', '2018-03-13 10:56:40'),
(125, 'https://lorempixel.com/250/250/?75417', 0, 25, '2018-03-13 10:56:40', '2018-03-13 10:56:40'),
(126, 'https://lorempixel.com/250/250/?50606', 0, 26, '2018-03-13 10:56:40', '2018-03-13 10:56:40'),
(127, 'https://lorempixel.com/250/250/?92295', 0, 26, '2018-03-13 10:56:40', '2018-03-13 10:56:40'),
(128, 'https://lorempixel.com/250/250/?24340', 0, 26, '2018-03-13 10:56:40', '2018-03-13 10:56:40'),
(129, 'https://lorempixel.com/250/250/?98474', 0, 26, '2018-03-13 10:56:40', '2018-03-13 10:56:40'),
(130, 'https://lorempixel.com/250/250/?14479', 0, 26, '2018-03-13 10:56:40', '2018-03-13 10:56:40'),
(131, 'https://lorempixel.com/250/250/?28571', 0, 27, '2018-03-13 10:56:40', '2018-03-13 10:56:40'),
(132, 'https://lorempixel.com/250/250/?66888', 0, 27, '2018-03-13 10:56:40', '2018-03-13 10:56:40'),
(133, 'https://lorempixel.com/250/250/?25553', 0, 27, '2018-03-13 10:56:40', '2018-03-13 10:56:40'),
(134, 'https://lorempixel.com/250/250/?75811', 0, 27, '2018-03-13 10:56:40', '2018-03-13 10:56:40'),
(135, 'https://lorempixel.com/250/250/?33827', 0, 27, '2018-03-13 10:56:40', '2018-03-13 10:56:40'),
(136, 'https://lorempixel.com/250/250/?31852', 0, 28, '2018-03-13 10:56:40', '2018-03-13 10:56:40'),
(137, 'https://lorempixel.com/250/250/?35099', 0, 28, '2018-03-13 10:56:40', '2018-03-13 10:56:40'),
(138, 'https://lorempixel.com/250/250/?15275', 0, 28, '2018-03-13 10:56:40', '2018-03-13 10:56:40'),
(139, 'https://lorempixel.com/250/250/?45456', 0, 28, '2018-03-13 10:56:40', '2018-03-13 10:56:40'),
(140, 'https://lorempixel.com/250/250/?70890', 0, 28, '2018-03-13 10:56:40', '2018-03-13 10:56:40'),
(141, 'https://lorempixel.com/250/250/?42367', 0, 29, '2018-03-13 10:56:40', '2018-03-13 10:56:40'),
(142, 'https://lorempixel.com/250/250/?17846', 0, 29, '2018-03-13 10:56:40', '2018-03-13 10:56:40'),
(143, 'https://lorempixel.com/250/250/?81303', 0, 29, '2018-03-13 10:56:40', '2018-03-13 10:56:40'),
(144, 'https://lorempixel.com/250/250/?92067', 0, 29, '2018-03-13 10:56:40', '2018-03-13 10:56:40'),
(145, 'https://lorempixel.com/250/250/?41217', 0, 29, '2018-03-13 10:56:40', '2018-03-13 10:56:40'),
(146, 'https://lorempixel.com/250/250/?69386', 0, 30, '2018-03-13 10:56:40', '2018-03-13 10:56:40'),
(147, 'https://lorempixel.com/250/250/?90661', 0, 30, '2018-03-13 10:56:40', '2018-03-13 10:56:40'),
(148, 'https://lorempixel.com/250/250/?32046', 0, 30, '2018-03-13 10:56:40', '2018-03-13 10:56:40'),
(149, 'https://lorempixel.com/250/250/?51024', 0, 30, '2018-03-13 10:56:40', '2018-03-13 10:56:40'),
(150, 'https://lorempixel.com/250/250/?58858', 0, 30, '2018-03-13 10:56:41', '2018-03-13 10:56:41'),
(151, 'https://lorempixel.com/250/250/?69199', 0, 31, '2018-03-13 10:56:41', '2018-03-13 10:56:41'),
(152, 'https://lorempixel.com/250/250/?24818', 0, 31, '2018-03-13 10:56:41', '2018-03-13 10:56:41'),
(153, 'https://lorempixel.com/250/250/?31006', 0, 31, '2018-03-13 10:56:41', '2018-03-13 10:56:41'),
(154, 'https://lorempixel.com/250/250/?98732', 0, 31, '2018-03-13 10:56:41', '2018-03-13 10:56:41'),
(155, 'https://lorempixel.com/250/250/?75369', 0, 31, '2018-03-13 10:56:41', '2018-03-13 10:56:41'),
(156, 'https://lorempixel.com/250/250/?58872', 0, 32, '2018-03-13 10:56:41', '2018-03-13 10:56:41'),
(157, 'https://lorempixel.com/250/250/?73731', 0, 32, '2018-03-13 10:56:41', '2018-03-13 10:56:41'),
(158, 'https://lorempixel.com/250/250/?70075', 0, 32, '2018-03-13 10:56:41', '2018-03-13 10:56:41'),
(159, 'https://lorempixel.com/250/250/?82245', 0, 32, '2018-03-13 10:56:41', '2018-03-13 10:56:41'),
(160, 'https://lorempixel.com/250/250/?75049', 0, 32, '2018-03-13 10:56:41', '2018-03-13 10:56:41'),
(161, 'https://lorempixel.com/250/250/?47271', 0, 33, '2018-03-13 10:56:41', '2018-03-13 10:56:41'),
(162, 'https://lorempixel.com/250/250/?12807', 0, 33, '2018-03-13 10:56:41', '2018-03-13 10:56:41'),
(163, 'https://lorempixel.com/250/250/?66902', 0, 33, '2018-03-13 10:56:41', '2018-03-13 10:56:41'),
(164, 'https://lorempixel.com/250/250/?40141', 0, 33, '2018-03-13 10:56:41', '2018-03-13 10:56:41'),
(165, 'https://lorempixel.com/250/250/?86273', 0, 33, '2018-03-13 10:56:41', '2018-03-13 10:56:41'),
(166, 'https://lorempixel.com/250/250/?61819', 0, 34, '2018-03-13 10:56:41', '2018-03-13 10:56:41'),
(167, 'https://lorempixel.com/250/250/?56959', 0, 34, '2018-03-13 10:56:41', '2018-03-13 10:56:41'),
(168, 'https://lorempixel.com/250/250/?96170', 0, 34, '2018-03-13 10:56:41', '2018-03-13 10:56:41'),
(169, 'https://lorempixel.com/250/250/?90383', 0, 34, '2018-03-13 10:56:41', '2018-03-13 10:56:41'),
(170, 'https://lorempixel.com/250/250/?21423', 0, 34, '2018-03-13 10:56:41', '2018-03-13 10:56:41'),
(171, 'https://lorempixel.com/250/250/?83403', 0, 35, '2018-03-13 10:56:41', '2018-03-13 10:56:41'),
(172, 'https://lorempixel.com/250/250/?51746', 0, 35, '2018-03-13 10:56:41', '2018-03-13 10:56:41'),
(173, 'https://lorempixel.com/250/250/?81265', 0, 35, '2018-03-13 10:56:41', '2018-03-13 10:56:41'),
(174, 'https://lorempixel.com/250/250/?23179', 0, 35, '2018-03-13 10:56:41', '2018-03-13 10:56:41'),
(175, 'https://lorempixel.com/250/250/?18197', 0, 35, '2018-03-13 10:56:41', '2018-03-13 10:56:41'),
(176, 'https://lorempixel.com/250/250/?13510', 0, 36, '2018-03-13 10:56:41', '2018-03-13 10:56:41'),
(177, 'https://lorempixel.com/250/250/?36832', 0, 36, '2018-03-13 10:56:41', '2018-03-13 10:56:41'),
(178, 'https://lorempixel.com/250/250/?35658', 0, 36, '2018-03-13 10:56:41', '2018-03-13 10:56:41'),
(179, 'https://lorempixel.com/250/250/?29427', 0, 36, '2018-03-13 10:56:41', '2018-03-13 10:56:41'),
(180, 'https://lorempixel.com/250/250/?29273', 0, 36, '2018-03-13 10:56:42', '2018-03-13 10:56:42'),
(181, 'https://lorempixel.com/250/250/?19357', 0, 37, '2018-03-13 10:56:42', '2018-03-13 10:56:42'),
(182, 'https://lorempixel.com/250/250/?58627', 0, 37, '2018-03-13 10:56:42', '2018-03-13 10:56:42'),
(183, 'https://lorempixel.com/250/250/?11712', 0, 37, '2018-03-13 10:56:42', '2018-03-13 10:56:42'),
(184, 'https://lorempixel.com/250/250/?95840', 0, 37, '2018-03-13 10:56:42', '2018-03-13 10:56:42'),
(185, 'https://lorempixel.com/250/250/?63806', 0, 37, '2018-03-13 10:56:42', '2018-03-13 10:56:42'),
(186, 'https://lorempixel.com/250/250/?17831', 0, 38, '2018-03-13 10:56:42', '2018-03-13 10:56:42'),
(187, 'https://lorempixel.com/250/250/?55954', 0, 38, '2018-03-13 10:56:42', '2018-03-13 10:56:42'),
(188, 'https://lorempixel.com/250/250/?57231', 0, 38, '2018-03-13 10:56:42', '2018-03-13 10:56:42'),
(189, 'https://lorempixel.com/250/250/?87204', 0, 38, '2018-03-13 10:56:42', '2018-03-13 10:56:42'),
(190, 'https://lorempixel.com/250/250/?90519', 0, 38, '2018-03-13 10:56:42', '2018-03-13 10:56:42'),
(191, 'https://lorempixel.com/250/250/?85536', 0, 39, '2018-03-13 10:56:42', '2018-03-13 10:56:42'),
(192, 'https://lorempixel.com/250/250/?33358', 0, 39, '2018-03-13 10:56:42', '2018-03-13 10:56:42'),
(193, 'https://lorempixel.com/250/250/?25968', 0, 39, '2018-03-13 10:56:42', '2018-03-13 10:56:42'),
(194, 'https://lorempixel.com/250/250/?40783', 0, 39, '2018-03-13 10:56:42', '2018-03-13 10:56:42'),
(195, 'https://lorempixel.com/250/250/?12012', 0, 39, '2018-03-13 10:56:42', '2018-03-13 10:56:42'),
(196, 'https://lorempixel.com/250/250/?58555', 0, 40, '2018-03-13 10:56:42', '2018-03-13 10:56:42'),
(197, 'https://lorempixel.com/250/250/?11475', 0, 40, '2018-03-13 10:56:42', '2018-03-13 10:56:42'),
(198, 'https://lorempixel.com/250/250/?10993', 0, 40, '2018-03-13 10:56:42', '2018-03-13 10:56:42'),
(199, 'https://lorempixel.com/250/250/?53576', 0, 40, '2018-03-13 10:56:42', '2018-03-13 10:56:42'),
(200, 'https://lorempixel.com/250/250/?75752', 0, 40, '2018-03-13 10:56:42', '2018-03-13 10:56:42'),
(201, 'https://lorempixel.com/250/250/?96851', 0, 41, '2018-03-13 10:56:43', '2018-03-13 10:56:43'),
(202, 'https://lorempixel.com/250/250/?86325', 0, 41, '2018-03-13 10:56:43', '2018-03-13 10:56:43'),
(203, 'https://lorempixel.com/250/250/?87740', 0, 41, '2018-03-13 10:56:43', '2018-03-13 10:56:43'),
(204, 'https://lorempixel.com/250/250/?83562', 0, 41, '2018-03-13 10:56:43', '2018-03-13 10:56:43'),
(205, 'https://lorempixel.com/250/250/?10301', 0, 41, '2018-03-13 10:56:43', '2018-03-13 10:56:43'),
(206, 'https://lorempixel.com/250/250/?51539', 0, 42, '2018-03-13 10:56:43', '2018-03-13 10:56:43'),
(207, 'https://lorempixel.com/250/250/?28312', 0, 42, '2018-03-13 10:56:43', '2018-03-13 10:56:43'),
(208, 'https://lorempixel.com/250/250/?43243', 0, 42, '2018-03-13 10:56:43', '2018-03-13 10:56:43'),
(209, 'https://lorempixel.com/250/250/?83764', 0, 42, '2018-03-13 10:56:43', '2018-03-13 10:56:43'),
(210, 'https://lorempixel.com/250/250/?43033', 0, 42, '2018-03-13 10:56:43', '2018-03-13 10:56:43'),
(211, 'https://lorempixel.com/250/250/?38478', 0, 43, '2018-03-13 10:56:43', '2018-03-13 10:56:43'),
(212, 'https://lorempixel.com/250/250/?43947', 0, 43, '2018-03-13 10:56:44', '2018-03-13 10:56:44'),
(213, 'https://lorempixel.com/250/250/?58076', 0, 43, '2018-03-13 10:56:44', '2018-03-13 10:56:44'),
(214, 'https://lorempixel.com/250/250/?48786', 0, 43, '2018-03-13 10:56:44', '2018-03-13 10:56:44'),
(215, 'https://lorempixel.com/250/250/?27120', 0, 43, '2018-03-13 10:56:44', '2018-03-13 10:56:44'),
(216, 'https://lorempixel.com/250/250/?64408', 0, 44, '2018-03-13 10:56:44', '2018-03-13 10:56:44'),
(217, 'https://lorempixel.com/250/250/?60113', 0, 44, '2018-03-13 10:56:44', '2018-03-13 10:56:44'),
(218, 'https://lorempixel.com/250/250/?86254', 0, 44, '2018-03-13 10:56:44', '2018-03-13 10:56:44'),
(219, 'https://lorempixel.com/250/250/?69751', 0, 44, '2018-03-13 10:56:44', '2018-03-13 10:56:44'),
(220, 'https://lorempixel.com/250/250/?82326', 0, 44, '2018-03-13 10:56:44', '2018-03-13 10:56:44'),
(221, 'https://lorempixel.com/250/250/?89907', 0, 45, '2018-03-13 10:56:44', '2018-03-13 10:56:44'),
(222, 'https://lorempixel.com/250/250/?10503', 0, 45, '2018-03-13 10:56:44', '2018-03-13 10:56:44'),
(223, 'https://lorempixel.com/250/250/?63668', 0, 45, '2018-03-13 10:56:44', '2018-03-13 10:56:44'),
(224, 'https://lorempixel.com/250/250/?48956', 0, 45, '2018-03-13 10:56:44', '2018-03-13 10:56:44'),
(225, 'https://lorempixel.com/250/250/?72507', 0, 45, '2018-03-13 10:56:44', '2018-03-13 10:56:44'),
(226, 'https://lorempixel.com/250/250/?11037', 0, 46, '2018-03-13 10:56:44', '2018-03-13 10:56:44'),
(227, 'https://lorempixel.com/250/250/?59708', 0, 46, '2018-03-13 10:56:44', '2018-03-13 10:56:44'),
(228, 'https://lorempixel.com/250/250/?45716', 0, 46, '2018-03-13 10:56:44', '2018-03-13 10:56:44'),
(229, 'https://lorempixel.com/250/250/?32292', 0, 46, '2018-03-13 10:56:44', '2018-03-13 10:56:44'),
(230, 'https://lorempixel.com/250/250/?58406', 0, 46, '2018-03-13 10:56:44', '2018-03-13 10:56:44'),
(231, 'https://lorempixel.com/250/250/?50197', 0, 47, '2018-03-13 10:56:44', '2018-03-13 10:56:44'),
(232, 'https://lorempixel.com/250/250/?94724', 0, 47, '2018-03-13 10:56:44', '2018-03-13 10:56:44'),
(233, 'https://lorempixel.com/250/250/?71274', 0, 47, '2018-03-13 10:56:44', '2018-03-13 10:56:44'),
(234, 'https://lorempixel.com/250/250/?44494', 0, 47, '2018-03-13 10:56:44', '2018-03-13 10:56:44'),
(235, 'https://lorempixel.com/250/250/?40752', 0, 47, '2018-03-13 10:56:44', '2018-03-13 10:56:44'),
(236, 'https://lorempixel.com/250/250/?24141', 0, 48, '2018-03-13 10:56:44', '2018-03-13 10:56:44'),
(237, 'https://lorempixel.com/250/250/?69173', 0, 48, '2018-03-13 10:56:44', '2018-03-13 10:56:44'),
(238, 'https://lorempixel.com/250/250/?83159', 0, 48, '2018-03-13 10:56:44', '2018-03-13 10:56:44'),
(239, 'https://lorempixel.com/250/250/?78596', 0, 48, '2018-03-13 10:56:44', '2018-03-13 10:56:44'),
(240, 'https://lorempixel.com/250/250/?29767', 0, 48, '2018-03-13 10:56:44', '2018-03-13 10:56:44'),
(241, 'https://lorempixel.com/250/250/?11109', 0, 49, '2018-03-13 10:56:44', '2018-03-13 10:56:44'),
(242, 'https://lorempixel.com/250/250/?16504', 0, 49, '2018-03-13 10:56:45', '2018-03-13 10:56:45'),
(243, 'https://lorempixel.com/250/250/?76796', 0, 49, '2018-03-13 10:56:45', '2018-03-13 10:56:45'),
(244, 'https://lorempixel.com/250/250/?58314', 0, 49, '2018-03-13 10:56:45', '2018-03-13 10:56:45'),
(245, 'https://lorempixel.com/250/250/?81296', 0, 49, '2018-03-13 10:56:45', '2018-03-13 10:56:45'),
(246, 'https://lorempixel.com/250/250/?64315', 0, 50, '2018-03-13 10:56:45', '2018-03-13 10:56:45'),
(247, 'https://lorempixel.com/250/250/?99374', 0, 50, '2018-03-13 10:56:45', '2018-03-13 10:56:45'),
(248, 'https://lorempixel.com/250/250/?75515', 0, 50, '2018-03-13 10:56:45', '2018-03-13 10:56:45'),
(249, 'https://lorempixel.com/250/250/?51109', 0, 50, '2018-03-13 10:56:45', '2018-03-13 10:56:45'),
(250, 'https://lorempixel.com/250/250/?74476', 0, 50, '2018-03-13 10:56:45', '2018-03-13 10:56:45'),
(251, 'https://lorempixel.com/250/250/?12950', 0, 51, '2018-03-13 10:56:45', '2018-03-13 10:56:45'),
(252, 'https://lorempixel.com/250/250/?48663', 0, 51, '2018-03-13 10:56:45', '2018-03-13 10:56:45'),
(253, 'https://lorempixel.com/250/250/?74660', 0, 51, '2018-03-13 10:56:45', '2018-03-13 10:56:45'),
(254, 'https://lorempixel.com/250/250/?14381', 0, 51, '2018-03-13 10:56:45', '2018-03-13 10:56:45'),
(255, 'https://lorempixel.com/250/250/?38016', 0, 51, '2018-03-13 10:56:45', '2018-03-13 10:56:45'),
(256, 'https://lorempixel.com/250/250/?95544', 0, 52, '2018-03-13 10:56:45', '2018-03-13 10:56:45'),
(257, 'https://lorempixel.com/250/250/?60998', 0, 52, '2018-03-13 10:56:45', '2018-03-13 10:56:45'),
(258, 'https://lorempixel.com/250/250/?75497', 0, 52, '2018-03-13 10:56:45', '2018-03-13 10:56:45'),
(259, 'https://lorempixel.com/250/250/?32874', 0, 52, '2018-03-13 10:56:45', '2018-03-13 10:56:45'),
(260, 'https://lorempixel.com/250/250/?29918', 0, 52, '2018-03-13 10:56:45', '2018-03-13 10:56:45'),
(261, 'https://lorempixel.com/250/250/?42422', 0, 53, '2018-03-13 10:56:45', '2018-03-13 10:56:45'),
(262, 'https://lorempixel.com/250/250/?78340', 0, 53, '2018-03-13 10:56:45', '2018-03-13 10:56:45'),
(263, 'https://lorempixel.com/250/250/?51604', 0, 53, '2018-03-13 10:56:45', '2018-03-13 10:56:45'),
(264, 'https://lorempixel.com/250/250/?49780', 0, 53, '2018-03-13 10:56:45', '2018-03-13 10:56:45'),
(265, 'https://lorempixel.com/250/250/?57382', 0, 53, '2018-03-13 10:56:45', '2018-03-13 10:56:45'),
(266, 'https://lorempixel.com/250/250/?71554', 0, 54, '2018-03-13 10:56:45', '2018-03-13 10:56:45'),
(267, 'https://lorempixel.com/250/250/?99414', 0, 54, '2018-03-13 10:56:45', '2018-03-13 10:56:45'),
(268, 'https://lorempixel.com/250/250/?92963', 0, 54, '2018-03-13 10:56:45', '2018-03-13 10:56:45'),
(269, 'https://lorempixel.com/250/250/?67715', 0, 54, '2018-03-13 10:56:45', '2018-03-13 10:56:45'),
(270, 'https://lorempixel.com/250/250/?61165', 0, 54, '2018-03-13 10:56:45', '2018-03-13 10:56:45'),
(271, 'https://lorempixel.com/250/250/?94707', 0, 55, '2018-03-13 10:56:45', '2018-03-13 10:56:45'),
(272, 'https://lorempixel.com/250/250/?64830', 0, 55, '2018-03-13 10:56:45', '2018-03-13 10:56:45'),
(273, 'https://lorempixel.com/250/250/?41162', 0, 55, '2018-03-13 10:56:45', '2018-03-13 10:56:45'),
(274, 'https://lorempixel.com/250/250/?68496', 0, 55, '2018-03-13 10:56:45', '2018-03-13 10:56:45'),
(275, 'https://lorempixel.com/250/250/?80601', 0, 55, '2018-03-13 10:56:46', '2018-03-13 10:56:46'),
(276, 'https://lorempixel.com/250/250/?26506', 0, 56, '2018-03-13 10:56:46', '2018-03-13 10:56:46'),
(277, 'https://lorempixel.com/250/250/?62012', 0, 56, '2018-03-13 10:56:46', '2018-03-13 10:56:46'),
(278, 'https://lorempixel.com/250/250/?53848', 0, 56, '2018-03-13 10:56:46', '2018-03-13 10:56:46'),
(279, 'https://lorempixel.com/250/250/?32524', 0, 56, '2018-03-13 10:56:46', '2018-03-13 10:56:46'),
(280, 'https://lorempixel.com/250/250/?65688', 0, 56, '2018-03-13 10:56:46', '2018-03-13 10:56:46'),
(281, 'https://lorempixel.com/250/250/?39278', 0, 57, '2018-03-13 10:56:46', '2018-03-13 10:56:46'),
(282, 'https://lorempixel.com/250/250/?60476', 0, 57, '2018-03-13 10:56:46', '2018-03-13 10:56:46'),
(283, 'https://lorempixel.com/250/250/?22539', 0, 57, '2018-03-13 10:56:46', '2018-03-13 10:56:46'),
(284, 'https://lorempixel.com/250/250/?58015', 0, 57, '2018-03-13 10:56:46', '2018-03-13 10:56:46'),
(285, 'https://lorempixel.com/250/250/?71404', 0, 57, '2018-03-13 10:56:46', '2018-03-13 10:56:46'),
(286, 'https://lorempixel.com/250/250/?59060', 0, 58, '2018-03-13 10:56:46', '2018-03-13 10:56:46'),
(287, 'https://lorempixel.com/250/250/?63065', 0, 58, '2018-03-13 10:56:46', '2018-03-13 10:56:46'),
(288, 'https://lorempixel.com/250/250/?91674', 0, 58, '2018-03-13 10:56:46', '2018-03-13 10:56:46'),
(289, 'https://lorempixel.com/250/250/?15390', 0, 58, '2018-03-13 10:56:46', '2018-03-13 10:56:46'),
(290, 'https://lorempixel.com/250/250/?16854', 0, 58, '2018-03-13 10:56:46', '2018-03-13 10:56:46'),
(291, 'https://lorempixel.com/250/250/?13114', 0, 59, '2018-03-13 10:56:46', '2018-03-13 10:56:46'),
(292, 'https://lorempixel.com/250/250/?64380', 0, 59, '2018-03-13 10:56:46', '2018-03-13 10:56:46'),
(293, 'https://lorempixel.com/250/250/?56619', 0, 59, '2018-03-13 10:56:46', '2018-03-13 10:56:46'),
(294, 'https://lorempixel.com/250/250/?44837', 0, 59, '2018-03-13 10:56:46', '2018-03-13 10:56:46'),
(295, 'https://lorempixel.com/250/250/?18311', 0, 59, '2018-03-13 10:56:46', '2018-03-13 10:56:46'),
(296, 'https://lorempixel.com/250/250/?21307', 0, 60, '2018-03-13 10:56:46', '2018-03-13 10:56:46'),
(297, 'https://lorempixel.com/250/250/?95471', 0, 60, '2018-03-13 10:56:46', '2018-03-13 10:56:46'),
(298, 'https://lorempixel.com/250/250/?87680', 0, 60, '2018-03-13 10:56:46', '2018-03-13 10:56:46'),
(299, 'https://lorempixel.com/250/250/?78563', 0, 60, '2018-03-13 10:56:46', '2018-03-13 10:56:46'),
(300, 'https://lorempixel.com/250/250/?25889', 0, 60, '2018-03-13 10:56:46', '2018-03-13 10:56:46'),
(301, 'https://lorempixel.com/250/250/?84239', 0, 61, '2018-03-13 10:56:47', '2018-03-13 10:56:47'),
(302, 'https://lorempixel.com/250/250/?41321', 0, 61, '2018-03-13 10:56:47', '2018-03-13 10:56:47'),
(303, 'https://lorempixel.com/250/250/?16619', 0, 61, '2018-03-13 10:56:47', '2018-03-13 10:56:47'),
(304, 'https://lorempixel.com/250/250/?54492', 0, 61, '2018-03-13 10:56:47', '2018-03-13 10:56:47'),
(305, 'https://lorempixel.com/250/250/?51056', 0, 61, '2018-03-13 10:56:47', '2018-03-13 10:56:47'),
(306, 'https://lorempixel.com/250/250/?95048', 0, 62, '2018-03-13 10:56:47', '2018-03-13 10:56:47'),
(307, 'https://lorempixel.com/250/250/?57293', 0, 62, '2018-03-13 10:56:47', '2018-03-13 10:56:47'),
(308, 'https://lorempixel.com/250/250/?41449', 0, 62, '2018-03-13 10:56:47', '2018-03-13 10:56:47'),
(309, 'https://lorempixel.com/250/250/?42019', 0, 62, '2018-03-13 10:56:47', '2018-03-13 10:56:47'),
(310, 'https://lorempixel.com/250/250/?15267', 0, 62, '2018-03-13 10:56:47', '2018-03-13 10:56:47'),
(311, 'https://lorempixel.com/250/250/?30748', 0, 63, '2018-03-13 10:56:47', '2018-03-13 10:56:47'),
(312, 'https://lorempixel.com/250/250/?51957', 0, 63, '2018-03-13 10:56:47', '2018-03-13 10:56:47'),
(313, 'https://lorempixel.com/250/250/?62340', 0, 63, '2018-03-13 10:56:47', '2018-03-13 10:56:47'),
(314, 'https://lorempixel.com/250/250/?65625', 0, 63, '2018-03-13 10:56:47', '2018-03-13 10:56:47'),
(315, 'https://lorempixel.com/250/250/?57467', 0, 63, '2018-03-13 10:56:47', '2018-03-13 10:56:47'),
(316, 'https://lorempixel.com/250/250/?36442', 0, 64, '2018-03-13 10:56:47', '2018-03-13 10:56:47'),
(317, 'https://lorempixel.com/250/250/?98754', 0, 64, '2018-03-13 10:56:48', '2018-03-13 10:56:48'),
(318, 'https://lorempixel.com/250/250/?80412', 0, 64, '2018-03-13 10:56:48', '2018-03-13 10:56:48'),
(319, 'https://lorempixel.com/250/250/?84527', 0, 64, '2018-03-13 10:56:48', '2018-03-13 10:56:48'),
(320, 'https://lorempixel.com/250/250/?15478', 0, 64, '2018-03-13 10:56:48', '2018-03-13 10:56:48'),
(321, 'https://lorempixel.com/250/250/?55019', 0, 65, '2018-03-13 10:56:48', '2018-03-13 10:56:48'),
(322, 'https://lorempixel.com/250/250/?68443', 0, 65, '2018-03-13 10:56:48', '2018-03-13 10:56:48'),
(323, 'https://lorempixel.com/250/250/?20792', 0, 65, '2018-03-13 10:56:48', '2018-03-13 10:56:48'),
(324, 'https://lorempixel.com/250/250/?84349', 0, 65, '2018-03-13 10:56:48', '2018-03-13 10:56:48'),
(325, 'https://lorempixel.com/250/250/?47648', 0, 65, '2018-03-13 10:56:48', '2018-03-13 10:56:48'),
(326, 'https://lorempixel.com/250/250/?97053', 0, 66, '2018-03-13 10:56:48', '2018-03-13 10:56:48'),
(327, 'https://lorempixel.com/250/250/?83684', 0, 66, '2018-03-13 10:56:48', '2018-03-13 10:56:48'),
(328, 'https://lorempixel.com/250/250/?18090', 0, 66, '2018-03-13 10:56:48', '2018-03-13 10:56:48'),
(329, 'https://lorempixel.com/250/250/?28250', 0, 66, '2018-03-13 10:56:48', '2018-03-13 10:56:48'),
(330, 'https://lorempixel.com/250/250/?49104', 0, 66, '2018-03-13 10:56:48', '2018-03-13 10:56:48'),
(331, 'https://lorempixel.com/250/250/?35763', 0, 67, '2018-03-13 10:56:48', '2018-03-13 10:56:48'),
(332, 'https://lorempixel.com/250/250/?21603', 0, 67, '2018-03-13 10:56:48', '2018-03-13 10:56:48'),
(333, 'https://lorempixel.com/250/250/?12595', 0, 67, '2018-03-13 10:56:48', '2018-03-13 10:56:48'),
(334, 'https://lorempixel.com/250/250/?21077', 0, 67, '2018-03-13 10:56:48', '2018-03-13 10:56:48'),
(335, 'https://lorempixel.com/250/250/?47869', 0, 67, '2018-03-13 10:56:48', '2018-03-13 10:56:48'),
(336, 'https://lorempixel.com/250/250/?60322', 0, 68, '2018-03-13 10:56:48', '2018-03-13 10:56:48'),
(337, 'https://lorempixel.com/250/250/?24312', 0, 68, '2018-03-13 10:56:48', '2018-03-13 10:56:48'),
(338, 'https://lorempixel.com/250/250/?30689', 0, 68, '2018-03-13 10:56:48', '2018-03-13 10:56:48'),
(339, 'https://lorempixel.com/250/250/?28601', 0, 68, '2018-03-13 10:56:48', '2018-03-13 10:56:48'),
(340, 'https://lorempixel.com/250/250/?21505', 0, 68, '2018-03-13 10:56:48', '2018-03-13 10:56:48'),
(341, 'https://lorempixel.com/250/250/?98918', 0, 69, '2018-03-13 10:56:48', '2018-03-13 10:56:48'),
(342, 'https://lorempixel.com/250/250/?94194', 0, 69, '2018-03-13 10:56:48', '2018-03-13 10:56:48'),
(343, 'https://lorempixel.com/250/250/?28796', 0, 69, '2018-03-13 10:56:48', '2018-03-13 10:56:48'),
(344, 'https://lorempixel.com/250/250/?54098', 0, 69, '2018-03-13 10:56:48', '2018-03-13 10:56:48'),
(345, 'https://lorempixel.com/250/250/?39842', 0, 69, '2018-03-13 10:56:49', '2018-03-13 10:56:49'),
(346, 'https://lorempixel.com/250/250/?55073', 0, 70, '2018-03-13 10:56:49', '2018-03-13 10:56:49'),
(347, 'https://lorempixel.com/250/250/?48014', 0, 70, '2018-03-13 10:56:49', '2018-03-13 10:56:49'),
(348, 'https://lorempixel.com/250/250/?57658', 0, 70, '2018-03-13 10:56:49', '2018-03-13 10:56:49'),
(349, 'https://lorempixel.com/250/250/?91535', 0, 70, '2018-03-13 10:56:49', '2018-03-13 10:56:49'),
(350, 'https://lorempixel.com/250/250/?28696', 0, 70, '2018-03-13 10:56:49', '2018-03-13 10:56:49'),
(351, 'https://lorempixel.com/250/250/?18550', 0, 71, '2018-03-13 10:56:49', '2018-03-13 10:56:49'),
(352, 'https://lorempixel.com/250/250/?91520', 0, 71, '2018-03-13 10:56:49', '2018-03-13 10:56:49'),
(353, 'https://lorempixel.com/250/250/?92209', 0, 71, '2018-03-13 10:56:49', '2018-03-13 10:56:49'),
(354, 'https://lorempixel.com/250/250/?23132', 0, 71, '2018-03-13 10:56:49', '2018-03-13 10:56:49'),
(355, 'https://lorempixel.com/250/250/?94671', 0, 71, '2018-03-13 10:56:49', '2018-03-13 10:56:49'),
(356, 'https://lorempixel.com/250/250/?58601', 0, 72, '2018-03-13 10:56:49', '2018-03-13 10:56:49'),
(357, 'https://lorempixel.com/250/250/?81157', 0, 72, '2018-03-13 10:56:49', '2018-03-13 10:56:49'),
(358, 'https://lorempixel.com/250/250/?39554', 0, 72, '2018-03-13 10:56:49', '2018-03-13 10:56:49'),
(359, 'https://lorempixel.com/250/250/?86107', 0, 72, '2018-03-13 10:56:49', '2018-03-13 10:56:49'),
(360, 'https://lorempixel.com/250/250/?59101', 0, 72, '2018-03-13 10:56:49', '2018-03-13 10:56:49'),
(361, 'https://lorempixel.com/250/250/?29751', 0, 73, '2018-03-13 10:56:49', '2018-03-13 10:56:49'),
(362, 'https://lorempixel.com/250/250/?36434', 0, 73, '2018-03-13 10:56:49', '2018-03-13 10:56:49'),
(363, 'https://lorempixel.com/250/250/?31436', 0, 73, '2018-03-13 10:56:49', '2018-03-13 10:56:49'),
(364, 'https://lorempixel.com/250/250/?47288', 0, 73, '2018-03-13 10:56:49', '2018-03-13 10:56:49'),
(365, 'https://lorempixel.com/250/250/?38648', 0, 73, '2018-03-13 10:56:49', '2018-03-13 10:56:49'),
(366, 'https://lorempixel.com/250/250/?33250', 0, 74, '2018-03-13 10:56:49', '2018-03-13 10:56:49'),
(367, 'https://lorempixel.com/250/250/?36036', 0, 74, '2018-03-13 10:56:49', '2018-03-13 10:56:49'),
(368, 'https://lorempixel.com/250/250/?66089', 0, 74, '2018-03-13 10:56:49', '2018-03-13 10:56:49'),
(369, 'https://lorempixel.com/250/250/?54549', 0, 74, '2018-03-13 10:56:49', '2018-03-13 10:56:49'),
(370, 'https://lorempixel.com/250/250/?36204', 0, 74, '2018-03-13 10:56:49', '2018-03-13 10:56:49'),
(371, 'https://lorempixel.com/250/250/?66434', 0, 75, '2018-03-13 10:56:49', '2018-03-13 10:56:49'),
(372, 'https://lorempixel.com/250/250/?96374', 0, 75, '2018-03-13 10:56:49', '2018-03-13 10:56:49'),
(373, 'https://lorempixel.com/250/250/?44914', 0, 75, '2018-03-13 10:56:49', '2018-03-13 10:56:49'),
(374, 'https://lorempixel.com/250/250/?67158', 0, 75, '2018-03-13 10:56:49', '2018-03-13 10:56:49'),
(375, 'https://lorempixel.com/250/250/?45525', 0, 75, '2018-03-13 10:56:49', '2018-03-13 10:56:49'),
(376, 'https://lorempixel.com/250/250/?72994', 0, 76, '2018-03-13 10:56:49', '2018-03-13 10:56:49'),
(377, 'https://lorempixel.com/250/250/?46338', 0, 76, '2018-03-13 10:56:50', '2018-03-13 10:56:50'),
(378, 'https://lorempixel.com/250/250/?75665', 0, 76, '2018-03-13 10:56:50', '2018-03-13 10:56:50'),
(379, 'https://lorempixel.com/250/250/?17956', 0, 76, '2018-03-13 10:56:50', '2018-03-13 10:56:50'),
(380, 'https://lorempixel.com/250/250/?22104', 0, 76, '2018-03-13 10:56:50', '2018-03-13 10:56:50'),
(381, 'https://lorempixel.com/250/250/?43814', 0, 77, '2018-03-13 10:56:50', '2018-03-13 10:56:50'),
(382, 'https://lorempixel.com/250/250/?61259', 0, 77, '2018-03-13 10:56:50', '2018-03-13 10:56:50'),
(383, 'https://lorempixel.com/250/250/?58180', 0, 77, '2018-03-13 10:56:50', '2018-03-13 10:56:50'),
(384, 'https://lorempixel.com/250/250/?52355', 0, 77, '2018-03-13 10:56:50', '2018-03-13 10:56:50'),
(385, 'https://lorempixel.com/250/250/?47704', 0, 77, '2018-03-13 10:56:50', '2018-03-13 10:56:50'),
(386, 'https://lorempixel.com/250/250/?81167', 0, 78, '2018-03-13 10:56:50', '2018-03-13 10:56:50'),
(387, 'https://lorempixel.com/250/250/?63985', 0, 78, '2018-03-13 10:56:50', '2018-03-13 10:56:50'),
(388, 'https://lorempixel.com/250/250/?45755', 0, 78, '2018-03-13 10:56:50', '2018-03-13 10:56:50'),
(389, 'https://lorempixel.com/250/250/?39716', 0, 78, '2018-03-13 10:56:50', '2018-03-13 10:56:50'),
(390, 'https://lorempixel.com/250/250/?25487', 0, 78, '2018-03-13 10:56:50', '2018-03-13 10:56:50'),
(391, 'https://lorempixel.com/250/250/?43315', 0, 79, '2018-03-13 10:56:50', '2018-03-13 10:56:50'),
(392, 'https://lorempixel.com/250/250/?98012', 0, 79, '2018-03-13 10:56:50', '2018-03-13 10:56:50'),
(393, 'https://lorempixel.com/250/250/?20427', 0, 79, '2018-03-13 10:56:50', '2018-03-13 10:56:50'),
(394, 'https://lorempixel.com/250/250/?12330', 0, 79, '2018-03-13 10:56:50', '2018-03-13 10:56:50'),
(395, 'https://lorempixel.com/250/250/?64488', 0, 79, '2018-03-13 10:56:50', '2018-03-13 10:56:50'),
(396, 'https://lorempixel.com/250/250/?32007', 0, 80, '2018-03-13 10:56:50', '2018-03-13 10:56:50'),
(397, 'https://lorempixel.com/250/250/?61666', 0, 80, '2018-03-13 10:56:50', '2018-03-13 10:56:50'),
(398, 'https://lorempixel.com/250/250/?33699', 0, 80, '2018-03-13 10:56:50', '2018-03-13 10:56:50'),
(399, 'https://lorempixel.com/250/250/?62572', 0, 80, '2018-03-13 10:56:50', '2018-03-13 10:56:50'),
(400, 'https://lorempixel.com/250/250/?60162', 0, 80, '2018-03-13 10:56:50', '2018-03-13 10:56:50'),
(401, 'https://lorempixel.com/250/250/?56268', 0, 81, '2018-03-13 10:56:51', '2018-03-13 10:56:51'),
(402, 'https://lorempixel.com/250/250/?62387', 0, 81, '2018-03-13 10:56:51', '2018-03-13 10:56:51'),
(403, 'https://lorempixel.com/250/250/?22356', 0, 81, '2018-03-13 10:56:51', '2018-03-13 10:56:51'),
(404, 'https://lorempixel.com/250/250/?19416', 0, 81, '2018-03-13 10:56:51', '2018-03-13 10:56:51'),
(405, 'https://lorempixel.com/250/250/?36472', 0, 81, '2018-03-13 10:56:51', '2018-03-13 10:56:51'),
(406, 'https://lorempixel.com/250/250/?98148', 0, 82, '2018-03-13 10:56:51', '2018-03-13 10:56:51'),
(407, 'https://lorempixel.com/250/250/?60449', 0, 82, '2018-03-13 10:56:51', '2018-03-13 10:56:51'),
(408, 'https://lorempixel.com/250/250/?42027', 0, 82, '2018-03-13 10:56:51', '2018-03-13 10:56:51'),
(409, 'https://lorempixel.com/250/250/?62777', 0, 82, '2018-03-13 10:56:51', '2018-03-13 10:56:51'),
(410, 'https://lorempixel.com/250/250/?40861', 0, 82, '2018-03-13 10:56:51', '2018-03-13 10:56:51'),
(411, 'https://lorempixel.com/250/250/?94339', 0, 83, '2018-03-13 10:56:51', '2018-03-13 10:56:51'),
(412, 'https://lorempixel.com/250/250/?60040', 0, 83, '2018-03-13 10:56:51', '2018-03-13 10:56:51'),
(413, 'https://lorempixel.com/250/250/?32099', 0, 83, '2018-03-13 10:56:51', '2018-03-13 10:56:51'),
(414, 'https://lorempixel.com/250/250/?44129', 0, 83, '2018-03-13 10:56:51', '2018-03-13 10:56:51'),
(415, 'https://lorempixel.com/250/250/?82579', 0, 83, '2018-03-13 10:56:51', '2018-03-13 10:56:51'),
(416, 'https://lorempixel.com/250/250/?88503', 0, 84, '2018-03-13 10:56:51', '2018-03-13 10:56:51'),
(417, 'https://lorempixel.com/250/250/?65615', 0, 84, '2018-03-13 10:56:51', '2018-03-13 10:56:51'),
(418, 'https://lorempixel.com/250/250/?41007', 0, 84, '2018-03-13 10:56:51', '2018-03-13 10:56:51'),
(419, 'https://lorempixel.com/250/250/?41301', 0, 84, '2018-03-13 10:56:51', '2018-03-13 10:56:51'),
(420, 'https://lorempixel.com/250/250/?46096', 0, 84, '2018-03-13 10:56:51', '2018-03-13 10:56:51'),
(421, 'https://lorempixel.com/250/250/?48123', 0, 85, '2018-03-13 10:56:51', '2018-03-13 10:56:51'),
(422, 'https://lorempixel.com/250/250/?65493', 0, 85, '2018-03-13 10:56:51', '2018-03-13 10:56:51'),
(423, 'https://lorempixel.com/250/250/?93307', 0, 85, '2018-03-13 10:56:51', '2018-03-13 10:56:51'),
(424, 'https://lorempixel.com/250/250/?70129', 0, 85, '2018-03-13 10:56:51', '2018-03-13 10:56:51'),
(425, 'https://lorempixel.com/250/250/?45337', 0, 85, '2018-03-13 10:56:51', '2018-03-13 10:56:51'),
(426, 'https://lorempixel.com/250/250/?22001', 0, 86, '2018-03-13 10:56:52', '2018-03-13 10:56:52'),
(427, 'https://lorempixel.com/250/250/?16679', 0, 86, '2018-03-13 10:56:52', '2018-03-13 10:56:52'),
(428, 'https://lorempixel.com/250/250/?28010', 0, 86, '2018-03-13 10:56:52', '2018-03-13 10:56:52'),
(429, 'https://lorempixel.com/250/250/?81153', 0, 86, '2018-03-13 10:56:52', '2018-03-13 10:56:52'),
(430, 'https://lorempixel.com/250/250/?40951', 0, 86, '2018-03-13 10:56:52', '2018-03-13 10:56:52'),
(431, 'https://lorempixel.com/250/250/?48196', 0, 87, '2018-03-13 10:56:52', '2018-03-13 10:56:52'),
(432, 'https://lorempixel.com/250/250/?23332', 0, 87, '2018-03-13 10:56:52', '2018-03-13 10:56:52'),
(433, 'https://lorempixel.com/250/250/?32398', 0, 87, '2018-03-13 10:56:52', '2018-03-13 10:56:52'),
(434, 'https://lorempixel.com/250/250/?47760', 0, 87, '2018-03-13 10:56:52', '2018-03-13 10:56:52'),
(435, 'https://lorempixel.com/250/250/?54175', 0, 87, '2018-03-13 10:56:52', '2018-03-13 10:56:52'),
(436, 'https://lorempixel.com/250/250/?14414', 0, 88, '2018-03-13 10:56:52', '2018-03-13 10:56:52'),
(437, 'https://lorempixel.com/250/250/?71908', 0, 88, '2018-03-13 10:56:52', '2018-03-13 10:56:52'),
(438, 'https://lorempixel.com/250/250/?77823', 0, 88, '2018-03-13 10:56:52', '2018-03-13 10:56:52'),
(439, 'https://lorempixel.com/250/250/?10705', 0, 88, '2018-03-13 10:56:52', '2018-03-13 10:56:52'),
(440, 'https://lorempixel.com/250/250/?71573', 0, 88, '2018-03-13 10:56:52', '2018-03-13 10:56:52'),
(441, 'https://lorempixel.com/250/250/?10560', 0, 89, '2018-03-13 10:56:52', '2018-03-13 10:56:52'),
(442, 'https://lorempixel.com/250/250/?34143', 0, 89, '2018-03-13 10:56:52', '2018-03-13 10:56:52'),
(443, 'https://lorempixel.com/250/250/?26369', 0, 89, '2018-03-13 10:56:52', '2018-03-13 10:56:52'),
(444, 'https://lorempixel.com/250/250/?35687', 0, 89, '2018-03-13 10:56:52', '2018-03-13 10:56:52'),
(445, 'https://lorempixel.com/250/250/?63715', 0, 89, '2018-03-13 10:56:52', '2018-03-13 10:56:52'),
(446, 'https://lorempixel.com/250/250/?74066', 0, 90, '2018-03-13 10:56:52', '2018-03-13 10:56:52'),
(447, 'https://lorempixel.com/250/250/?36285', 0, 90, '2018-03-13 10:56:52', '2018-03-13 10:56:52'),
(448, 'https://lorempixel.com/250/250/?87160', 0, 90, '2018-03-13 10:56:52', '2018-03-13 10:56:52'),
(449, 'https://lorempixel.com/250/250/?16939', 0, 90, '2018-03-13 10:56:52', '2018-03-13 10:56:52'),
(450, 'https://lorempixel.com/250/250/?48595', 0, 90, '2018-03-13 10:56:52', '2018-03-13 10:56:52'),
(451, 'https://lorempixel.com/250/250/?34913', 0, 91, '2018-03-13 10:56:52', '2018-03-13 10:56:52'),
(452, 'https://lorempixel.com/250/250/?73252', 0, 91, '2018-03-13 10:56:52', '2018-03-13 10:56:52'),
(453, 'https://lorempixel.com/250/250/?41105', 0, 91, '2018-03-13 10:56:52', '2018-03-13 10:56:52'),
(454, 'https://lorempixel.com/250/250/?32707', 0, 91, '2018-03-13 10:56:52', '2018-03-13 10:56:52'),
(455, 'https://lorempixel.com/250/250/?83265', 0, 91, '2018-03-13 10:56:52', '2018-03-13 10:56:52'),
(456, 'https://lorempixel.com/250/250/?67660', 0, 92, '2018-03-13 10:56:52', '2018-03-13 10:56:52'),
(457, 'https://lorempixel.com/250/250/?94661', 0, 92, '2018-03-13 10:56:52', '2018-03-13 10:56:52'),
(458, 'https://lorempixel.com/250/250/?12770', 0, 92, '2018-03-13 10:56:52', '2018-03-13 10:56:52'),
(459, 'https://lorempixel.com/250/250/?35591', 0, 92, '2018-03-13 10:56:53', '2018-03-13 10:56:53'),
(460, 'https://lorempixel.com/250/250/?96683', 0, 92, '2018-03-13 10:56:53', '2018-03-13 10:56:53'),
(461, 'https://lorempixel.com/250/250/?10159', 0, 93, '2018-03-13 10:56:53', '2018-03-13 10:56:53'),
(462, 'https://lorempixel.com/250/250/?51185', 0, 93, '2018-03-13 10:56:53', '2018-03-13 10:56:53'),
(463, 'https://lorempixel.com/250/250/?22084', 0, 93, '2018-03-13 10:56:53', '2018-03-13 10:56:53'),
(464, 'https://lorempixel.com/250/250/?37124', 0, 93, '2018-03-13 10:56:53', '2018-03-13 10:56:53'),
(465, 'https://lorempixel.com/250/250/?50254', 0, 93, '2018-03-13 10:56:53', '2018-03-13 10:56:53'),
(466, 'https://lorempixel.com/250/250/?86427', 0, 94, '2018-03-13 10:56:53', '2018-03-13 10:56:53'),
(467, 'https://lorempixel.com/250/250/?12720', 0, 94, '2018-03-13 10:56:53', '2018-03-13 10:56:53'),
(468, 'https://lorempixel.com/250/250/?50248', 0, 94, '2018-03-13 10:56:53', '2018-03-13 10:56:53'),
(469, 'https://lorempixel.com/250/250/?54653', 0, 94, '2018-03-13 10:56:53', '2018-03-13 10:56:53'),
(470, 'https://lorempixel.com/250/250/?74230', 0, 94, '2018-03-13 10:56:53', '2018-03-13 10:56:53'),
(471, 'https://lorempixel.com/250/250/?62056', 0, 95, '2018-03-13 10:56:53', '2018-03-13 10:56:53'),
(472, 'https://lorempixel.com/250/250/?26742', 0, 95, '2018-03-13 10:56:53', '2018-03-13 10:56:53'),
(473, 'https://lorempixel.com/250/250/?16448', 0, 95, '2018-03-13 10:56:53', '2018-03-13 10:56:53'),
(474, 'https://lorempixel.com/250/250/?24707', 0, 95, '2018-03-13 10:56:53', '2018-03-13 10:56:53'),
(475, 'https://lorempixel.com/250/250/?56423', 0, 95, '2018-03-13 10:56:53', '2018-03-13 10:56:53'),
(476, 'https://lorempixel.com/250/250/?57101', 0, 96, '2018-03-13 10:56:53', '2018-03-13 10:56:53'),
(477, 'https://lorempixel.com/250/250/?41517', 0, 96, '2018-03-13 10:56:53', '2018-03-13 10:56:53'),
(478, 'https://lorempixel.com/250/250/?66191', 0, 96, '2018-03-13 10:56:53', '2018-03-13 10:56:53'),
(479, 'https://lorempixel.com/250/250/?28180', 0, 96, '2018-03-13 10:56:53', '2018-03-13 10:56:53'),
(480, 'https://lorempixel.com/250/250/?99179', 0, 96, '2018-03-13 10:56:53', '2018-03-13 10:56:53'),
(481, 'https://lorempixel.com/250/250/?66157', 0, 97, '2018-03-13 10:56:53', '2018-03-13 10:56:53'),
(482, 'https://lorempixel.com/250/250/?91923', 0, 97, '2018-03-13 10:56:53', '2018-03-13 10:56:53'),
(483, 'https://lorempixel.com/250/250/?23034', 0, 97, '2018-03-13 10:56:53', '2018-03-13 10:56:53'),
(484, 'https://lorempixel.com/250/250/?80736', 0, 97, '2018-03-13 10:56:53', '2018-03-13 10:56:53'),
(485, 'https://lorempixel.com/250/250/?97803', 0, 97, '2018-03-13 10:56:53', '2018-03-13 10:56:53'),
(486, 'https://lorempixel.com/250/250/?75048', 0, 98, '2018-03-13 10:56:53', '2018-03-13 10:56:53'),
(487, 'https://lorempixel.com/250/250/?52315', 0, 98, '2018-03-13 10:56:53', '2018-03-13 10:56:53'),
(488, 'https://lorempixel.com/250/250/?21685', 0, 98, '2018-03-13 10:56:53', '2018-03-13 10:56:53'),
(489, 'https://lorempixel.com/250/250/?71002', 0, 98, '2018-03-13 10:56:53', '2018-03-13 10:56:53'),
(490, 'https://lorempixel.com/250/250/?77991', 0, 98, '2018-03-13 10:56:54', '2018-03-13 10:56:54'),
(491, 'https://lorempixel.com/250/250/?12988', 0, 99, '2018-03-13 10:56:54', '2018-03-13 10:56:54'),
(492, 'https://lorempixel.com/250/250/?28407', 0, 99, '2018-03-13 10:56:54', '2018-03-13 10:56:54'),
(493, 'https://lorempixel.com/250/250/?52439', 0, 99, '2018-03-13 10:56:54', '2018-03-13 10:56:54'),
(494, 'https://lorempixel.com/250/250/?75891', 0, 99, '2018-03-13 10:56:54', '2018-03-13 10:56:54'),
(495, 'https://lorempixel.com/250/250/?48758', 0, 99, '2018-03-13 10:56:54', '2018-03-13 10:56:54'),
(496, 'https://lorempixel.com/250/250/?33691', 0, 100, '2018-03-13 10:56:54', '2018-03-13 10:56:54'),
(497, 'https://lorempixel.com/250/250/?14609', 0, 100, '2018-03-13 10:56:54', '2018-03-13 10:56:54'),
(498, 'https://lorempixel.com/250/250/?43472', 0, 100, '2018-03-13 10:56:54', '2018-03-13 10:56:54'),
(499, 'https://lorempixel.com/250/250/?39477', 0, 100, '2018-03-13 10:56:54', '2018-03-13 10:56:54'),
(500, 'https://lorempixel.com/250/250/?97232', 0, 100, '2018-03-13 10:56:54', '2018-03-13 10:56:54');

-- --------------------------------------------------------

--
-- Estructura de tabla para la tabla `users`
--

CREATE TABLE `users` (
  `id` int(10) UNSIGNED NOT NULL,
  `name` varchar(255) COLLATE utf8_unicode_ci NOT NULL,
  `email` varchar(255) COLLATE utf8_unicode_ci NOT NULL,
  `password` varchar(255) COLLATE utf8_unicode_ci NOT NULL,
  `remember_token` varchar(100) COLLATE utf8_unicode_ci DEFAULT NULL,
  `created_at` timestamp NULL DEFAULT NULL,
  `updated_at` timestamp NULL DEFAULT NULL
) ENGINE=InnoDB DEFAULT CHARSET=utf8 COLLATE=utf8_unicode_ci;

--
-- Volcado de datos para la tabla `users`
--

INSERT INTO `users` (`id`, `name`, `email`, `password`, `remember_token`, `created_at`, `updated_at`) VALUES
(1, 'Juan', 'juancagb.17@gmail.com', '$2y$10$eEX/tz30PTo95FHztD/To.qfdzfYRWdj7H81u5fH9TZnVz1Mo8iD.', NULL, '2018-03-13 10:56:32', '2018-03-13 10:56:32');

--
-- Índices para tablas volcadas
--

--
-- Indices de la tabla `categories`
--
ALTER TABLE `categories`
  ADD PRIMARY KEY (`id`);

--
-- Indices de la tabla `migrations`
--
ALTER TABLE `migrations`
  ADD PRIMARY KEY (`id`);

--
-- Indices de la tabla `password_resets`
--
ALTER TABLE `password_resets`
  ADD KEY `password_resets_email_index` (`email`);

--
-- Indices de la tabla `products`
--
ALTER TABLE `products`
  ADD PRIMARY KEY (`id`),
  ADD KEY `products_category_id_foreign` (`category_id`);

--
-- Indices de la tabla `product_images`
--
ALTER TABLE `product_images`
  ADD PRIMARY KEY (`id`),
  ADD KEY `product_images_product_id_foreign` (`product_id`);

--
-- Indices de la tabla `users`
--
ALTER TABLE `users`
  ADD PRIMARY KEY (`id`),
  ADD UNIQUE KEY `users_email_unique` (`email`);

--
-- AUTO_INCREMENT de las tablas volcadas
--

--
-- AUTO_INCREMENT de la tabla `categories`
--
ALTER TABLE `categories`
  MODIFY `id` int(10) UNSIGNED NOT NULL AUTO_INCREMENT, AUTO_INCREMENT=6;

--
-- AUTO_INCREMENT de la tabla `migrations`
--
ALTER TABLE `migrations`
  MODIFY `id` int(10) UNSIGNED NOT NULL AUTO_INCREMENT, AUTO_INCREMENT=99;

--
-- AUTO_INCREMENT de la tabla `products`
--
ALTER TABLE `products`
  MODIFY `id` int(10) UNSIGNED NOT NULL AUTO_INCREMENT, AUTO_INCREMENT=101;

--
-- AUTO_INCREMENT de la tabla `product_images`
--
ALTER TABLE `product_images`
  MODIFY `id` int(10) UNSIGNED NOT NULL AUTO_INCREMENT, AUTO_INCREMENT=501;

--
-- AUTO_INCREMENT de la tabla `users`
--
ALTER TABLE `users`
  MODIFY `id` int(10) UNSIGNED NOT NULL AUTO_INCREMENT, AUTO_INCREMENT=2;

--
-- Restricciones para tablas volcadas
--

--
-- Filtros para la tabla `products`
--
ALTER TABLE `products`
  ADD CONSTRAINT `products_category_id_foreign` FOREIGN KEY (`category_id`) REFERENCES `categories` (`id`);

--
-- Filtros para la tabla `product_images`
--
ALTER TABLE `product_images`
  ADD CONSTRAINT `product_images_product_id_foreign` FOREIGN KEY (`product_id`) REFERENCES `products` (`id`);
COMMIT;

/*!40101 SET CHARACTER_SET_CLIENT=@OLD_CHARACTER_SET_CLIENT */;
/*!40101 SET CHARACTER_SET_RESULTS=@OLD_CHARACTER_SET_RESULTS */;
/*!40101 SET COLLATION_CONNECTION=@OLD_COLLATION_CONNECTION */;
